Name,Country1,Country2,Country3,Country4,Country5,Country6,Language1,Language2,Language3,Language4,Language5,Language6,Gross_revenue,Production1,Production2,Production3,Runtime,Rating,Genre1,Genre2,Genre3,Nums_score,Nums_review,Nums_critic,Story,Director1,Director2,Writer1,Writer2,Star1,Star2,Star3
The Shawshank Redemption,USA,,,,,,English,,,,,,28786657,Castle Rock Entertainment,,,142,R,Drama,,,2236965,7738,225,"Two imprisoned men bond over a number of years, finding solace and eventual redemption through acts of common decency.",Frank Darabont,,Stephen King, Frank Darabont,Tim Robbins, Morgan Freeman, Bob Gunton
The Godfather,USA,,,,,,English, Italian, Latin,,,,246120974,Paramount Pictures, Alfran Productions,,175,R,Crime, Drama,,1542452,3726,248,The aging patriarch of an organized crime dynasty transfers control of his clandestine empire to his reluctant son.,Francis Ford Coppola,,Mario Puzo, Francis Ford Coppola,Marlon Brando, Al Pacino, James Caan
The Godfather: Part II,USA,,,,,,English, Italian, Spanish, Latin, Sicilian,,48035783,Paramount Pictures, The Coppola Company, American Zoetrope,202,R,Crime, Drama,,1078827,964,176,"The early life and career of Vito Corleone in 1920s New York City is portrayed, while his son, Michael, expands and tightens his grip on the family crime syndicate.",Francis Ford Coppola,,Francis Ford Coppola, Mario Puzo,Al Pacino, Robert De Niro, Robert Duvall
The Dark Knight,USA, UK,,,,,English, Mandarin,,,,,1004934033,Warner Bros., Legendary Entertainment, Syncopy,152,PG-13,Action, Crime, Drama,2207569,6697,421,"When the menace known as the Joker wreaks havoc and chaos on the people of Gotham, Batman must accept one of the greatest psychological and physical tests of his ability to fight injustice.",Christopher Nolan,,Jonathan Nolan, Christopher Nolan,Christian Bale, Heath Ledger, Aaron Eckhart
12 Angry Men,USA,,,,,,English,,,,,,576,Orion-Nova Productions,,,96,Approved,Crime, Drama,,654121,1511,140,A jury holdout attempts to prevent a miscarriage of justice by forcing his colleagues to reconsider the evidence.,Sidney Lumet,,Reginald Rose, Reginald Rose,Henry Fonda, Lee J. Cobb, Martin Balsam
Schindler's List,USA,,,,,,Latin, English, Hebrew, German, Polish,,322287794,Universal Pictures, Amblin Entertainment,,195,R,Biography, Drama, History,1163376,1758,225,"In German-occupied Poland during World War II, industrialist Oskar Schindler gradually becomes concerned for his Jewish workforce after witnessing their persecution by the Nazis.",Steven Spielberg,,Thomas Keneally, Steven Zaillian,Liam Neeson, Ralph Fiennes, Ben Kingsley
The Lord of the Rings: The Return of the King,New Zealand, USA,,,,,English, Quenya, Old English, Sindarin,,,1142219401,New Line Cinema, WingNut Films, The Saul Zaentz Company,201,PG-13,Adventure, Drama, Fantasy,1582258,3638,351,Gandalf and Aragorn lead the World of Men against Sauron's army to draw his gaze from Frodo and Sam as they approach Mount Doom with the One Ring.,Peter Jackson,,J.R.R. Tolkien, Fran Walsh,Elijah Wood, Viggo Mortensen, Ian McKellen
Pulp Fiction,USA,,,,,,English, Spanish, French,,,,214179088,Miramax, A Band Apart, Jersey Films,154,R,Crime, Drama,,1752908,2932,285,"The lives of two mob hitmen, a boxer, a gangster and his wife, and a pair of diner bandits intertwine in four tales of violence and redemption.",Quentin Tarantino,,Quentin Tarantino, Roger Avary,John Travolta, Uma Thurman, Samuel L. Jackson
"The Good, the Bad and the Ugly",Italy, Spain, West Germany,,,,Italian,,,,,,25252481,Produzioni Europee Associate (PEA), Arturo González Producciones Cinematográficas, Constantin Film,161,R,Western,,,660990,1068,206,A bounty hunting scam joins two men in an uneasy alliance against a third in a race to find a fortune in gold buried in a remote cemetery.,Sergio Leone,,Luciano Vincenzoni, Sergio Leone,Clint Eastwood, Eli Wallach, Lee Van Cleef
The Lord of the Rings: The Fellowship of the Ring,New Zealand, USA,,,,,English, Sindarin,,,,,887832826,New Line Cinema, WingNut Films, The Saul Zaentz Company,178,PG-13,Action, Adventure, Drama,1595452,5329,334,A meek Hobbit from the Shire and eight companions set out on a journey to destroy the powerful One Ring and save Middle-earth from the Dark Lord Sauron.,Peter Jackson,,J.R.R. Tolkien, Fran Walsh,Elijah Wood, Ian McKellen, Orlando Bloom
Fight Club,USA, Germany,,,,,English,,,,,,101187503,Fox 2000 Pictures, Regency Enterprises, Linson Films,139,R,Drama,,,1780595,3651,370,"An insomniac office worker and a devil-may-care soapmaker form an underground fight club that evolves into something much, much more.",David Fincher,,Chuck Palahniuk, Jim Uhls,Brad Pitt, Edward Norton, Meat Loaf
Forrest Gump,USA,,,,,,English,,,,,,678222284,Paramount Pictures,,,142,PG-13,Drama, Romance,,1724781,2260,166,"The presidencies of Kennedy and Johnson, the events of Vietnam, Watergate and other historical events unfold through the perspective of an Alabama man with an IQ of 75, whose only desire is to be reunited with his childhood sweetheart.",Robert Zemeckis,,Winston Groom, Eric Roth,Tom Hanks, Robin Wright, Gary Sinise
Inception,USA, UK,,,,,English, Japanese, French,,,,829895144,Warner Bros., Legendary Entertainment, Syncopy,148,PG-13,Action, Adventure, Sci-Fi,1961204,3696,452,A thief who steals corporate secrets through the use of dream-sharing technology is given the inverse task of planting an idea into the mind of a C.E.O.,Christopher Nolan,,Christopher Nolan,,Leonardo DiCaprio, Joseph Gordon-Levitt, Ellen Page
Star Wars: Episode V - The Empire Strikes Back,USA,,,,,,English,,,,,,547897454,Lucasfilm,,,124,PG,Action, Adventure, Fantasy,1116525,1191,217,"After the Rebels are brutally overpowered by the Empire on the ice planet Hoth, Luke Skywalker begins Jedi training with Yoda, while his friends are pursued by Darth Vader and a bounty hunter named Boba Fett all over the galaxy.",Irvin Kershner,,Leigh Brackett, Lawrence Kasdan,Mark Hamill, Harrison Ford, Carrie Fisher
The Lord of the Rings: The Two Towers,New Zealand, USA,,,,,English, Sindarin, Old English,,,,951208089,New Line Cinema, WingNut Films, The Saul Zaentz Company,179,PG-13,Adventure, Drama, Fantasy,1429333,2531,321,"While Frodo and Sam edge closer to Mordor with the help of the shifty Gollum, the divided fellowship makes a stand against Sauron's new ally, Saruman, and his hordes of Isengard.",Peter Jackson,,J.R.R. Tolkien, Fran Walsh,Elijah Wood, Ian McKellen, Viggo Mortensen
The Matrix,USA,,,,,,English,,,,,,465343787,Warner Bros., Village Roadshow Pictures, Groucho Film Partnership,136,R,Action, Sci-Fi,,1605645,4207,340,A computer hacker learns from mysterious rebels about the true nature of his reality and his role in the war against its controllers.,Lana Wachowski, Lilly Wachowski,Lilly Wachowski, Lana Wachowski,Keanu Reeves, Laurence Fishburne, Carrie-Anne Moss
Goodfellas,USA,,,,,,English, Italian,,,,,46879633,Warner Bros.,,,146,R,Biography, Crime, Drama,973192,1251,143,"The story of Henry Hill and his life in the mob, covering his relationship with his wife Karen Hill and his mob partners Jimmy Conway and Tommy DeVito in the Italian-American crime syndicate.",Martin Scorsese,,Nicholas Pileggi, Nicholas Pileggi,Robert De Niro, Ray Liotta, Joe Pesci
One Flew Over the Cuckoo's Nest,USA,,,,,,English,,,,,,108997629,Fantasy Films,,,133,R,Drama,,,878172,945,170,"A criminal pleads insanity and is admitted to a mental institution, where he rebels against the oppressive nurse and rallies up the scared patients.",Milos Forman,,Lawrence Hauben, Bo Goldman,Jack Nicholson, Louise Fletcher, Will Sampson
Seven Samurai,Japan,,,,,,Japanese,,,,,,322773,Toho Company,,,207,Not Rated,Action, Adventure, Drama,302161,695,127,A poor village under attack by bandits recruits seven unemployed samurai to help them defend themselves.,Akira Kurosawa,,Akira Kurosawa, Shinobu Hashimoto,Toshirô Mifune, Takashi Shimura, Keiko Tsushima
Se7en,USA,,,,,,English,,,,,,327333559,Cecchi Gori Pictures, Juno Pix, New Line Cinema,127,R,Crime, Drama, Mystery,1376999,1407,225,"Two detectives, a rookie and a veteran, hunt a serial killer who uses the seven deadly sins as his motives.",David Fincher,,Andrew Kevin Walker,,Morgan Freeman, Brad Pitt, Kevin Spacey
Life Is Beautiful,Italy,,,,,,Italian, German, English,,,,230098753,Melampo Cinematografica, Cecchi Gori Group Tiger Cinematografica,,116,PG-13,Comedy, Drama, Romance,594684,1279,164,"When an open-minded Jewish librarian and his son become victims of the Holocaust, he uses a perfect mixture of will, humor, and imagination to protect his son from the dangers around their camp.",Roberto Benigni,,Vincenzo Cerami, Roberto Benigni,Roberto Benigni, Nicoletta Braschi, Giorgio Cantarini
City of God,Brazil, France, Germany,,,,Portuguese,,,,,,30680793,O2 Filmes, VideoFilmes, Globo Filmes,130,R,Crime, Drama,,677200,986,224,"In the slums of Rio, two kids' paths diverge as one struggles to become a photographer and the other a kingpin.",Fernando Meirelles, Kátia Lund,Paulo Lins, Bráulio Mantovani,Alexandre Rodrigues, Leandro Firmino, Matheus Nachtergaele
The Silence of the Lambs,USA,,,,,,English, Latin,,,,,272753884,Strong Heart/Demme Production, Orion Pictures,,118,R,Crime, Drama, Thriller,1211587,1236,218,"A young F.B.I. cadet must receive the help of an incarcerated and manipulative cannibal killer to help catch another serial killer, a madman who skins his victims.",Jonathan Demme,,Thomas Harris, Ted Tally,Jodie Foster, Anthony Hopkins, Lawrence A. Bonney
It's a Wonderful Life,USA,,,,,,English, French,,,,,6130720,Liberty Films (II),,,130,Passed,Drama, Family, Fantasy,382165,926,176,An angel is sent from Heaven to help a desperately frustrated businessman by showing him what life would have been like if he had never existed.,Frank Capra,,Frances Goodrich, Albert Hackett,James Stewart, Donna Reed, Lionel Barrymore
Star Wars: Episode IV - A New Hope,USA,,,,,,English,,,,,,775512064,Lucasfilm, Twentieth Century Fox,,121,PG,Action, Adventure, Fantasy,1188681,1805,185,"Luke Skywalker joins forces with a Jedi Knight, a cocky pilot, a Wookiee and two droids to save the galaxy from the Empire's world-destroying battle station, while also attempting to rescue Princess Leia from the mysterious Darth Vader.",George Lucas,,George Lucas,,Mark Hamill, Harrison Ford, Carrie Fisher
Saving Private Ryan,USA,,,,,,English, French, German, Czech,,,482349603,DreamWorks, Paramount Pictures, Amblin Entertainment,169,R,Drama, War,,1183696,2550,264,"Following the Normandy Landings, a group of U.S. soldiers go behind enemy lines to retrieve a paratrooper whose brothers have been killed in action.",Steven Spielberg,,Robert Rodat,,Tom Hanks, Matt Damon, Tom Sizemore
Parasite,South Korea,,,,,,Korean, English,,,,,254620147,Barunson E&A, CJ E&M Film Financing & Investment Entertainment & Comics, CJ Entertainment,132,R,Comedy, Drama, Thriller,400390,2355,505,Greed and class discrimination threaten the newly formed symbiotic relationship between the wealthy Park family and the destitute Kim clan.,Bong Joon Ho,,Bong Joon Ho, Bong Joon Ho,Kang-ho Song, Sun-kyun Lee, Yeo-jeong Jo
Spirited Away,Japan,,,,,,Japanese,,,,,,347742810,Tokuma Shoten, Studio Ghibli, Nippon Television Network (NTV),125,PG,Animation, Adventure, Family,609169,1223,286,"During her family's move to the suburbs, a sullen 10-year-old girl wanders into a world ruled by gods, witches, and spirits, and where humans are changed into beasts.",Hayao Miyazaki,,Hayao Miyazaki,,Daveigh Chase, Suzanne Pleshette, Miyu Irino
The Green Mile,USA,,,,,,English, French,,,,,286801374,Castle Rock Entertainment, Darkwoods Productions, Warner Bros.,189,R,Crime, Drama, Fantasy,1090996,1685,203,"The lives of guards on Death Row are affected by one of their charges: a black man accused of child murder and rape, yet who has a mysterious gift.",Frank Darabont,,Stephen King, Frank Darabont,Tom Hanks, Michael Clarke Duncan, David Morse
Interstellar,USA, UK, Canada,,,,English,,,,,,677471339,Paramount Pictures, Warner Bros., Legendary Entertainment,169,PG-13,Adventure, Drama, Sci-Fi,1412083,3869,617,A team of explorers travel through a wormhole in space in an attempt to ensure humanity's survival.,Christopher Nolan,,Jonathan Nolan, Christopher Nolan,Matthew McConaughey, Anne Hathaway, Jessica Chastain
Léon: The Professional,France, USA,,,,,English, Italian, French,,,,19501238,Gaumont, Les Films du Dauphin, Columbia Pictures,110,R,Action, Crime, Drama,990412,1148,135,"Mathilda, a 12-year-old girl, is reluctantly taken in by Léon, a professional assassin, after her family is murdered. An unusual relationship forms as she becomes his protégée and learns the assassin's trade.",Luc Besson,,Luc Besson,,Jean Reno, Gary Oldman, Natalie Portman
The Usual Suspects,USA, Germany,,,,,English, Hungarian, Spanish, French,,,23341568,PolyGram Filmed Entertainment, Spelling Films International, Blue Parrot,106,R,Crime, Mystery, Thriller,954356,1328,145,"A sole survivor tells of the twisty events leading up to a horrific gun battle on a boat, which began when five criminals met at a seemingly random police lineup.",Bryan Singer,,Christopher McQuarrie,,Kevin Spacey, Gabriel Byrne, Chazz Palminteri
Harakiri,Japan,,,,,,Japanese,,,,,,15222,Shochiku,,,133,Not Rated,Action, Drama, History,33711,243,74,"When a ronin requesting seppuku at a feudal lord's palace is told of the brutal suicide of another ronin who previously visited, he reveals how their pasts are intertwined - and in doing so challenges the clan's integrity.",Masaki Kobayashi,,Yasuhiko Takiguchi, Shinobu Hashimoto,Tatsuya Nakadai, Akira Ishihama, Shima Iwashita
The Lion King,USA,,,,,,English, Swahili, Xhosa, Zulu,,,968511805,Walt Disney Pictures, Walt Disney Animation Studios,,88,G,Animation, Adventure, Drama,902431,979,227,"A Lion cub crown prince is tricked by a treacherous uncle into thinking he caused his father's death and flees into exile in despair, only to learn in adulthood his identity and his responsibilities.",Roger Allers, Rob Minkoff,Irene Mecchi, Jonathan Roberts,Matthew Broderick, Jeremy Irons, James Earl Jones
American History X,USA,,,,,,English,,,,,,23875127,New Line Cinema, Savoy Pictures, The Turman-Morrissey Company,119,R,Drama,,,1000588,1567,169,A former neo-nazi skinhead tries to prevent his younger brother from going down the same wrong path that he did.,Tony Kaye,,David McKenna,,Edward Norton, Edward Furlong, Beverly D'Angelo
The Pianist,UK, France, Poland, Germany,,,English, German, Russian,,,,120072577,R.P. Productions, Heritage Films, Studio Babelsberg,150,R,Biography, Drama, Music,693935,890,152,A Polish Jewish musician struggles to survive the destruction of the Warsaw ghetto of World War II.,Roman Polanski,,Ronald Harwood, Wladyslaw Szpilman,Adrien Brody, Thomas Kretschmann, Frank Finlay
Terminator 2: Judgment Day,USA,,,,,,English, Spanish,,,,,520884847,Carolco Pictures, Pacific Western, Lightstorm Entertainment,137,R,Action, Sci-Fi,,961711,1242,292,"A cyborg, identical to the one who failed to kill Sarah Connor, must now protect her teenage son, John Connor, from a more advanced and powerful cyborg.",James Cameron,,James Cameron, William Wisher,Arnold Schwarzenegger, Linda Hamilton, Edward Furlong
Back to the Future,USA,,,,,,English,,,,,,388355305,Universal Pictures, Amblin Entertainment, U-Drive Productions,116,PG,Adventure, Comedy, Sci-Fi,999469,1130,239,"Marty McFly, a 17-year-old high school student, is accidentally sent thirty years into the past in a time-traveling DeLorean invented by his close friend, the eccentric scientist Doc Brown.",Robert Zemeckis,,Robert Zemeckis, Bob Gale,Michael J. Fox, Christopher Lloyd, Lea Thompson
Modern Times,USA,,,,,,English,,,,,,457688,Charles Chaplin Productions,,,87,G,Comedy, Drama, Family,206484,291,111,The Tramp struggles to live in modern industrial society with the help of a young homeless woman.,Charles Chaplin,,Charles Chaplin,,Charles Chaplin, Paulette Goddard, Henry Bergman
Psycho,USA,,,,,,English,,,,,,32000000,Shamley Productions,,,109,R,Horror, Mystery, Thriller,574043,1243,223,"A Phoenix secretary embezzles forty thousand dollars from her employer's client, goes on the run, and checks into a remote motel run by a young man under the domination of his mother.",Alfred Hitchcock,,Joseph Stefano, Robert Bloch,Anthony Perkins, Janet Leigh, Vera Miles
Gladiator,USA, UK, Malta, Morocco,,,English,,,,,,460583960,DreamWorks, Universal Pictures, Scott Free Productions,155,R,Action, Adventure, Drama,1287138,2605,205,A former Roman General sets out to exact vengeance against the corrupt emperor who murdered his family and sent him into slavery.,Ridley Scott,,David Franzoni, David Franzoni,Russell Crowe, Joaquin Phoenix, Connie Nielsen
City Lights,USA,,,,,,English,,,,,,46008,Charles Chaplin Productions,,,87,G,Comedy, Drama, Romance,158842,286,122,"With the aid of a wealthy erratic tippler, a dewy-eyed tramp who has fallen in love with a sightless flower girl accumulates money to be able to help her medically.",Charles Chaplin,,Charles Chaplin,,Charles Chaplin, Virginia Cherrill, Florence Lee
The Departed,USA,,,,,,English, Cantonese,,,,,291465034,Warner Bros., Plan B Entertainment, Initial Entertainment Group (IEG),151,R,Crime, Drama, Thriller,1140933,2287,288,An undercover cop and a mole in the police attempt to identify each other while infiltrating an Irish gang in South Boston.,Martin Scorsese,,William Monahan, Alan Mak,Leonardo DiCaprio, Matt Damon, Jack Nicholson
The Intouchables,France,,,,,,French, English,,,,,426588510,Quad Productions, Ten Films, Canal+,112,R,Biography, Comedy, Drama,724822,596,322,"After he becomes a quadriplegic from a paragliding accident, an aristocrat hires a young man from the projects to be his caregiver.",Olivier Nakache, Éric Toledano,Olivier Nakache, Philippe Pozzo di Borgo,François Cluzet, Omar Sy, Anne Le Ny
Whiplash,USA,,,,,,English,,,,,,48982041,Bold Films, Blumhouse Productions, Right of Way Films,106,R,Drama, Music,,674422,1154,577,A promising young drummer enrolls at a cut-throat music conservatory where his dreams of greatness are mentored by an instructor who will stop at nothing to realize a student's potential.,Damien Chazelle,,Damien Chazelle,,Miles Teller, J.K. Simmons, Melissa Benoist
The Prestige,UK, USA,,,,,English,,,,,,109676311,Touchstone Pictures, Warner Bros., Newmarket Productions,130,PG-13,Drama, Mystery, Sci-Fi,1133445,1354,371,"After a tragic accident, two stage magicians engage in a battle to create the ultimate illusion while sacrificing everything they have to outwit each other.",Christopher Nolan,,Jonathan Nolan, Christopher Nolan,Christian Bale, Hugh Jackman, Scarlett Johansson
Once Upon a Time in the West,Italy, USA,,,,,Italian, English, Spanish,,,,112229,Rafran Cinematografica, San Marco, Paramount Pictures,165,PG-13,Western,,,289290,686,141,A mysterious stranger with a harmonica joins forces with a notorious desperado to protect a beautiful widow from a ruthless assassin working for the railroad.,Sergio Leone,,Sergio Donati, Sergio Leone,Henry Fonda, Charles Bronson, Claudia Cardinale
Grave of the Fireflies,Japan,,,,,,Japanese,,,,,,516962,Shinchosha Company, Studio Ghibli,,89,Not Rated,Animation, Drama, War,218268,685,123,A young boy and his little sister struggle to survive in Japan during World War II.,Isao Takahata,,Akiyuki Nosaka, Isao Takahata,Tsutomu Tatsumi, Ayano Shiraishi, Akemi Yamaguchi
Casablanca,USA,,,,,,English, French, German, Italian,,,4374761,Warner Bros.,,,102,PG,Drama, Romance, War,501886,1279,193,A cynical American expatriate struggles to decide whether or not he should help his former lover and her fugitive husband escape French Morocco.,Michael Curtiz,,Julius J. Epstein, Philip G. Epstein,Humphrey Bogart, Ingrid Bergman, Paul Henreid
Cinema Paradiso,Italy, France,,,,,Italian,,,,,,12887661,Cristaldifilm, Les Films Ariane, Rai 3,155,R,Drama,,,217209,496,110,A filmmaker recalls his childhood when falling in love with the pictures at the cinema of his home village and forms a deep friendship with the cinema's projectionist.,Giuseppe Tornatore,,Giuseppe Tornatore, Giuseppe Tornatore,Philippe Noiret, Enzo Cannavale, Antonella Attili
Rear Window,USA,,,,,,English,,,,,,37032034,Alfred J. Hitchcock Productions,,,112,PG,Mystery, Thriller,,424370,821,151,A wheelchair-bound photographer spies on his neighbors from his apartment window and becomes convinced one of them has committed murder.,Alfred Hitchcock,,John Michael Hayes, Cornell Woolrich,James Stewart, Grace Kelly, Wendell Corey
Joker,USA, Canada,,,,,English,,,,,,1074251311,Warner Bros., Village Roadshow Pictures, BRON Studios,122,R,Crime, Drama, Thriller,782577,10004,674,"In Gotham City, mentally troubled comedian Arthur Fleck is disregarded and mistreated by society. He then embarks on a downward spiral of revolution and bloody crime. This path brings him face-to-face with his alter-ego: the Joker.",Todd Phillips,,Todd Phillips, Scott Silver,Joaquin Phoenix, Robert De Niro, Zazie Beetz
Alien,UK, USA,,,,,English,,,,,,108283202,Brandywine Productions, Twentieth Century-Fox Productions,,117,R,Horror, Sci-Fi,,755640,1406,460,"After a space merchant vessel receives an unknown transmission as a distress call, one of the crew is attacked by a mysterious life form and they soon realize that its life cycle has merely begun.",Ridley Scott,,Dan O'Bannon, Dan O'Bannon,Sigourney Weaver, Tom Skerritt, John Hurt
Apocalypse Now,USA,,,,,,English, French, Vietnamese,,,,91968688,American Zoetrope, Zoetrope Studios,,147,R,Drama, Mystery, War,580689,1168,320,A U.S. Army officer serving in Vietnam is tasked with assassinating a renegade Special Forces Colonel who sees himself as a god.,Francis Ford Coppola,,John Milius, Francis Ford Coppola,Martin Sheen, Marlon Brando, Robert Duvall
Memento,USA,,,,,,English,,,,,,39723096,Newmarket Capital Group, Team Todd, I Remember Productions,113,R,Mystery, Thriller,,1081783,2229,207,A man with short-term memory loss attempts to track down his wife's murderer.,Christopher Nolan,,Christopher Nolan, Jonathan Nolan,Guy Pearce, Carrie-Anne Moss, Joe Pantoliano
Raiders of the Lost Ark,USA,,,,,,English, German, Hebrew, Spanish, Arabic, Nepali,390133212,Paramount Pictures, Lucasfilm,,115,PG,Action, Adventure,,852874,915,253,"In 1936, archaeologist and adventurer Indiana Jones is hired by the U.S. government to find the Ark of the Covenant before Adolf Hitler's Nazis can obtain its awesome powers.",Steven Spielberg,,Lawrence Kasdan, George Lucas,Harrison Ford, Karen Allen, Paul Freeman
The Great Dictator,USA,,,,,,English, Esperanto,,,,,969879,Charles Chaplin Productions, One Production Company,,125,Passed,Comedy, Drama, War,193330,255,138,Dictator Adenoid Hynkel tries to expand his empire while a poor Jewish barber tries to avoid persecution from Hynkel's regime.,Charles Chaplin,,Charles Chaplin,,Charles Chaplin, Paulette Goddard, Jack Oakie
The Lives of Others,Germany, France,,,,,German,,,,,,77356942,Wiedemann & Berg Filmproduktion, Bayerischer Rundfunk (BR), ARTE,137,R,Drama, Mystery, Thriller,343536,496,222,"In 1984 East Berlin, an agent of the secret police, conducting surveillance on a writer and his lover, finds himself becoming increasingly absorbed by their lives.",Florian Henckel von Donnersmarck,,Florian Henckel von Donnersmarck,,Ulrich Mühe, Martina Gedeck, Sebastian Koch
Django Unchained,USA,,,,,,English, German, French, Italian,,,425368238,The Weinstein Company, Columbia Pictures,,165,R,Drama, Western,,1294056,1485,834,"With the help of a German bounty hunter, a freed slave sets out to rescue his wife from a brutal Mississippi plantation owner.",Quentin Tarantino,,Quentin Tarantino,,Jamie Foxx, Christoph Waltz, Leonardo DiCaprio
Paths of Glory,USA,,,,,,English, German, Latin,,,,5252,Bryna Productions,,,88,Approved,Drama, War,,168526,421,159,"After refusing to attack an enemy position, a general accuses the soldiers of cowardice and their commanding officer must defend them.",Stanley Kubrick,,Stanley Kubrick, Calder Willingham,Kirk Douglas, Ralph Meeker, Adolphe Menjou
The Shining,UK, USA,,,,,English,,,,,,46207205,Warner Bros., Hawk Films, Peregrine,144,R,Drama, Horror,,851355,1758,351,"A family heads to an isolated hotel for the winter where a sinister presence influences the father into violence, while his psychic son sees horrific forebodings from both past and future.",Stanley Kubrick,,Stephen King, Stanley Kubrick,Jack Nicholson, Shelley Duvall, Danny Lloyd
Avengers: Infinity War,USA,,,,,,English,,,,,,2048359754,Marvel Studios, Jason Roberts Productions, South Pictures,149,PG-13,Action, Adventure, Sci-Fi,772198,4208,605,The Avengers and their allies must be willing to sacrifice all in an attempt to defeat the powerful Thanos before his blitz of devastation and ruin puts an end to the universe.,Anthony Russo, Joe Russo,Christopher Markus, Stephen McFeely,Robert Downey Jr., Chris Hemsworth, Mark Ruffalo
WALL·E,USA,,,,,,English,,,,,,521311860,FortyFour Studios, Pixar Animation Studios, Walt Disney Pictures,98,G,Animation, Adventure, Family,960277,1243,268,"In the distant future, a small waste-collecting robot inadvertently embarks on a space journey that will ultimately decide the fate of mankind.",Andrew Stanton,,Andrew Stanton, Pete Docter,Ben Burtt, Elissa Knight, Jeff Garlin
Sunset Blvd.,USA,,,,,,English,,,,,,299645,Paramount Pictures,,,110,Passed,Drama, Film-Noir,,191543,595,174,A screenwriter develops a dangerous relationship with a faded film star determined to make a triumphant return.,Billy Wilder,,Charles Brackett, Billy Wilder,William Holden, Gloria Swanson, Erich von Stroheim
Spider-Man: Into the Spider-Verse,USA,,,,,,English, Spanish,,,,,375540831,Sony Pictures Entertainment (SPE), Columbia Pictures, Marvel Entertainment,117,PG,Animation, Action, Adventure,315898,1785,388,"Teen Miles Morales becomes Spider-Man of his reality, crossing his path with five counterparts from other dimensions to stop a threat for all realities.",Bob Persichetti, Peter Ramsey ,Phil Lord, Rodney Rothman,Shameik Moore, Jake Johnson, Hailee Steinfeld
Princess Mononoke,Japan,,,,,,Japanese,,,,,,162112497,DENTSU Music And Entertainment, Nibariki, Nippon Television Network (NTV),134,PG-13,Animation, Adventure, Fantasy,321304,684,202,"On a journey to find the cure for a Tatarigami's curse, Ashitaka finds himself in the middle of a war between the forest gods and Tatara, a mining colony. In this quest he also meets San, the Mononoke Hime.",Hayao Miyazaki,,English version),,Yôji Matsuda, Yuriko Ishida, Yûko Tanaka
Dr. Strangelove,UK, USA,,,,,English, Russian,,,,,9443876,Columbia Pictures, Hawk Films,,95,PG,Comedy,,,434693,922,230,An insane general triggers a path to nuclear holocaust that a War Room full of politicians and generals frantically tries to stop.,Stanley Kubrick,,Stanley Kubrick, Terry Southern,Peter Sellers, George C. Scott, Sterling Hayden
Oldboy,South Korea,,,,,,Korean,,,,,,14999673,CJ Entertainment, Egg Films, CJ E&M Film Financing & Investment Entertainment & Comics,120,R,Action, Drama, Mystery,491429,977,335,"After being kidnapped and imprisoned for fifteen years, Oh Dae-Su is released, only to find that he must find his captor in five days.",Chan-wook Park,,Garon Tsuchiya, Nobuaki Minegishi,Min-sik Choi, Ji-Tae Yoo, Hye-jeong Kang
Witness for the Prosecution,USA,,,,,,English, German,,,,,7693,Edward Small Productions,,,116,Approved,Crime, Drama, Mystery,101337,259,96,A veteran British barrister must defend his client in a murder trial that has surprise after surprise.,Billy Wilder,,Agatha Christie, Billy Wilder,Tyrone Power, Marlene Dietrich, Charles Laughton
Anand,India,,,,,,Hindi,,,,,,0,Rupam Chitra,,,122,Not Rated,Drama, Musical,,25426,106,10,"The story of a terminally ill man who wishes to live life to the full before the inevitable occurs, as told by his best friend.",Hrishikesh Mukherjee,,Hrishikesh Mukherjee, Hrishikesh Mukherjee,Rajesh Khanna, Amitabh Bachchan, Sumita Sanyal
Avengers: Endgame,USA,,,,,,English, Japanese, Xhosa, German,,,2797800564,Marvel Studios,,,181,PG-13,Action, Adventure, Drama,713773,8705,551,"After the devastating events of Avengers: Infinity War (2018), the universe is in ruins. With the help of remaining allies, the Avengers assemble once more in order to reverse Thanos' actions and restore balance to the universe.",Anthony Russo, Joe Russo,Christopher Markus, Stephen McFeely,Robert Downey Jr., Chris Evans, Mark Ruffalo
The Dark Knight Rises,UK, USA,,,,,English, Arabic,,,,,1081041287,Warner Bros., Legendary Entertainment, DC Entertainment,164,PG-13,Action, Adventure,,1459944,2950,842,"Eight years after the Joker's reign of anarchy, Batman, with the help of the enigmatic Catwoman, is forced from his exile to save Gotham City from the brutal guerrilla terrorist Bane.",Christopher Nolan,,Jonathan Nolan, Christopher Nolan,Christian Bale, Tom Hardy, Anne Hathaway
Once Upon a Time in America,USA, Italy,,,,,English, Italian, French,,,,5472914,The Ladd Company, Warner Bros., Producers Sales Organization (PSO),229,R,Crime, Drama,,296379,652,130,"A former Prohibition-era Jewish gangster returns to the Lower East Side of Manhattan over thirty years later, where he once again must confront the ghosts and regrets of his old life.",Sergio Leone,,Harry Grey, Leonardo Benvenuti,Robert De Niro, James Woods, Elizabeth McGovern
Aliens,USA, UK,,,,,English,,,,,,131335326,Twentieth Century Fox, Brandywine Productions, Pinewood Studios,137,R,Action, Adventure, Sci-Fi,630362,1254,306,"Ellen Ripley is rescued by a deep salvage team after being in hypersleep for 57 years. The moon that the Nostromo visited has been colonized, but contact is lost. This time, colonial marines have impressive firepower, but will that be enough?",James Cameron,,James Cameron, David Giler,Sigourney Weaver, Michael Biehn, Carrie Henn
Your Name.,Japan,,,,,,Japanese,,,,,,358922706,Amuse, CoMix Wave Films, East Japan Marketing & Communications Inc.,106,PG,Animation, Drama, Fantasy,167500,586,221,"Two strangers find themselves linked in a bizarre way. When a connection forms, will distance be the only thing to keep them apart?",Makoto Shinkai,,Makoto Shinkai, Makoto Shinkai,Ryûnosuke Kamiki, Mone Kamishiraishi, Ryô Narita
Coco,USA,,,,,,English, Spanish,,,,,807082196,Walt Disney Pictures, Pixar Animation Studios,,105,PG,Animation, Adventure, Family,336964,1062,403,"Aspiring musician Miguel, confronted with his family's ancestral ban on music, enters the Land of the Dead to find his great-great-grandfather, a legendary singer.",Lee Unkrich, Adrian Molina,Lee Unkrich, Jason Katz,Anthony Gonzalez, Gael García Bernal, Benjamin Bratt
American Beauty,USA,,,,,,English,,,,,,356296601,DreamWorks, Jinks/Cohen Company,,122,R,Drama,,,1036220,2866,196,A sexually frustrated suburban father has a mid-life crisis after becoming infatuated with his daughter's best friend.,Sam Mendes,,Alan Ball,,Kevin Spacey, Annette Bening, Thora Birch
Braveheart,USA,,,,,,English, French, Latin, Scottish Gaelic, Italian,,213216216,Icon Entertainment International, The Ladd Company, B.H. Finance C.V.,178,R,Biography, Drama, History,931052,1249,156,"When his secret bride is executed for assaulting an English soldier who tried to rape her, William Wallace begins a revolt against King Edward I of England.",Mel Gibson,,Randall Wallace,,Mel Gibson, Sophie Marceau, Patrick McGoohan
Das Boot,West Germany,,,,,,German,,,,,,11487676,Bavaria Film, Twin Bros. Productions, Radiant Film GmbH,149,R,Adventure, Drama, Thriller,222439,494,110,"The claustrophobic world of a WWII German U-boat; boredom, filth and sheer terror.",Wolfgang Petersen,,Wolfgang Petersen, Lothar G. Buchheim,Jürgen Prochnow, Herbert Grönemeyer, Klaus Wennemann
3 Idiots,India,,,,,,Hindi, English,,,,,60262836,Vinod Chopra Productions,,,170,PG-13,Comedy, Drama,,324028,598,57,"Two friends are searching for their long lost companion. They revisit their college days and recall the memories of their friend who inspired them to think differently, even as the rest of the world called them ""idiots"".",Rajkumar Hirani,,Rajkumar Hirani, Abhijat Joshi,Aamir Khan, Madhavan, Mona Singh
Toy Story,USA,,,,,,English,,,,,,404265438,Pixar Animation Studios, Walt Disney Pictures, Walt Disney Animation Studios,81,G,Animation, Adventure, Comedy,851161,588,159,A cowboy doll is profoundly threatened and jealous when a new spaceman figure supplants him as top toy in a boy's room.,John Lasseter,,John Lasseter, Pete Docter,Tom Hanks, Tim Allen, Don Rickles
High and Low,Japan,,,,,,Japanese,,,,,,46808,Kurosawa Production Co., Toho Company,,143,Not Rated,Crime, Drama, Mystery,28681,118,87,An executive of a shoe company becomes a victim of extortion when his chauffeur's son is kidnapped and held for ransom.,Akira Kurosawa,,Hideo Oguni, Ryûzô Kikushima,Toshirô Mifune, Yutaka Sada, Tatsuya Nakadai
Taare Zameen Par,India,,,,,,Hindi, English,,,,,21897373,Aamir Khan Productions, PVR Pictures,,165,PG,Drama, Family,,156595,385,33,"An eight-year-old boy is thought to be a lazy trouble-maker, until the new art teacher has the patience and compassion to discover the real problem behind his struggles in school.",Aamir Khan, Amole Gupte,Amole Gupte, Amole Gupte,Darsheel Safary, Aamir Khan, Tisca Chopra
1917,USA, UK, India, Spain, Canada,,English, French, German,,,,368027644,DreamWorks, Reliance Entertainment, New Republic Pictures,119,R,Drama, War,,304379,2550,456,"April 6th, 1917. As a regiment assembles to wage war deep in enemy territory, two soldiers are assigned to race against time and deliver a message that will stop 1,600 men from walking straight into a deadly trap.",Sam Mendes,,Sam Mendes, Krysty Wilson-Cairns,Dean-Charles Chapman, George MacKay, Daniel Mays
Star Wars: Episode VI - Return of the Jedi,USA,,,,,,English,,,,,,475347111,Lucasfilm,,,131,PG,Action, Adventure, Fantasy,915504,809,197,"After a daring mission to rescue Han Solo from Jabba the Hutt, the Rebels dispatch to Endor to destroy the second Death Star. Meanwhile, Luke struggles to help Darth Vader back from the dark side without falling into the Emperor's trap.",Richard Marquand,,Lawrence Kasdan, George Lucas,Mark Hamill, Harrison Ford, Carrie Fisher
Amadeus,USA, France, Czechoslovakia, Italy,,,English, Italian, Latin, German,,,52066791,AMLF, The Saul Zaentz Company,,160,R,Biography, Drama, History,355601,628,110,"The life, success and troubles of Wolfgang Amadeus Mozart, as told by Antonio Salieri, the contemporaneous composer who was insanely jealous of Mozart's talent and claimed to have murdered him.",Milos Forman,,Peter Shaffer, Peter Shaffer,F. Murray Abraham, Tom Hulce, Elizabeth Berridge
Reservoir Dogs,USA,,,,,,English,,,,,,2859750,Live Entertainment, Dog Eat Dog Productions Inc.,,99,R,Crime, Drama, Thriller,882498,1125,203,"When a simple jewelry heist goes horribly wrong, the surviving criminals begin to suspect that one of them is a police informant.",Quentin Tarantino,,Quentin Tarantino, Quentin Tarantino,Harvey Keitel, Tim Roth, Michael Madsen
Inglourious Basterds,Germany, USA,,,,,English, German, French, Italian,,,321455689,Universal Pictures, The Weinstein Company, A Band Apart,153,R,Adventure, Drama, War,1206916,1816,525,"In Nazi-occupied France during World War II, a plan to assassinate Nazi leaders by a group of Jewish U.S. soldiers coincides with a theatre owner's vengeful plans for the same.",Quentin Tarantino,,Quentin Tarantino,,Brad Pitt, Diane Kruger, Eli Roth
Good Will Hunting,USA,,,,,,English,,,,,,225933435,Be Gentlemen Limited Partnership, Lawrence Bender Productions, Miramax,126,R,Drama, Romance,,821904,870,161,"Will Hunting, a janitor at M.I.T., has a gift for mathematics, but needs help from a psychologist to find direction in his life.",Gus Van Sant,,Matt Damon, Ben Affleck,Robin Williams, Matt Damon, Ben Affleck
2001: A Space Odyssey,UK, USA,,,,,English, Russian,,,,,68766362,Metro-Goldwyn-Mayer (MGM), Stanley Kubrick Productions,,149,G,Adventure, Sci-Fi,,577071,2116,260,"After discovering a mysterious artifact buried beneath the Lunar surface, mankind sets off on a quest to find its origins with help from intelligent supercomputer H.A.L. 9000.",Stanley Kubrick,,Stanley Kubrick, Arthur C. Clarke,Keir Dullea, Gary Lockwood, William Sylvester
Vertigo,USA,,,,,,English,,,,,,7796389,Alfred J. Hitchcock Productions,,,128,PG,Mystery, Romance, Thriller,343655,835,174,A former police detective juggles wrestling with his personal demons and becoming obsessed with a hauntingly beautiful woman.,Alfred Hitchcock,,Alec Coppel, Samuel A. Taylor,James Stewart, Kim Novak, Barbara Bel Geddes
Requiem for a Dream,USA,,,,,,English,,,,,,7390108,Artisan Entertainment, Thousand Words, Sibling Productions,102,R,Drama,,,737520,2092,248,The drug-induced utopias of four Coney Island people are shattered when their addictions run deep.,Darren Aronofsky,,Hubert Selby Jr., Hubert Selby Jr.,Ellen Burstyn, Jared Leto, Jennifer Connelly
M,Germany,,,,,,German,,,,,,35566,Nero-Film AG,,,117,Not Rated,Crime, Mystery, Thriller,136392,344,153,"When the police in a German city are unable to catch a child-murderer, other criminals join in the manhunt.",Fritz Lang,,Thea von Harbou, Fritz Lang,Peter Lorre, Ellen Widmann, Inge Landgut
Dangal,India,,,,,,Hindi,,,,,,303723636,Aamir Khan Productions, UTV Motion Pictures, Walt Disney Pictures,161,Not Rated,Action, Biography, Drama,141621,372,60,Former wrestler Mahavir Singh Phogat and his two wrestler daughters struggle towards glory at the Commonwealth Games in the face of societal oppression.,Nitesh Tiwari,,Piyush Gupta, Shreyas Jain,Aamir Khan, Sakshi Tanwar, Fatima Sana Shaikh
Eternal Sunshine of the Spotless Mind,USA,,,,,,English,,,,,,74036715,Focus Features, Anonymous Content, This Is That Productions,108,R,Drama, Romance, Sci-Fi,874415,1777,294,"When their relationship turns sour, a couple undergoes a medical procedure to have each other erased from their memories.",Michel Gondry,,Charlie Kaufman, Michel Gondry,Jim Carrey, Kate Winslet, Tom Wilkinson
Citizen Kane,USA,,,,,,English, Italian,,,,,1594107,RKO Radio Pictures, Mercury Productions,,119,PG,Drama, Mystery,,382591,1413,240,"Following the death of publishing tycoon Charles Foster Kane, reporters scramble to uncover the meaning of his final utterance; 'Rosebud'.",Orson Welles,,Herman J. Mankiewicz, Orson Welles,Orson Welles, Joseph Cotten, Dorothy Comingore
Capharnaüm,Lebanon, USA, France, Cyprus, Qatar, UK,Arabic, Amharic,,,,,64413178,Mooz Films, Cedrus Invest Bank, Sunnyland Film,126,R,Drama,,,46258,283,179,"While serving a five-year sentence for a violent crime, a 12-year-old boy sues his parents for neglect.",Nadine Labaki,,Nadine Labaki, Jihad Hojeily,Zain Al Rafeea, Yordanos Shiferaw, Boluwatife Treasure Bankole
The Hunt,Denmark, Sweden,,,,,Danish, English, Polish,,,,17230506,Danmarks Radio (DR), Det Danske Filminstitut, Eurimages,115,R,Drama,,,262950,387,368,"A teacher lives a lonely life, all the while struggling over his son's custody. His life slowly gets better as he finds love and receives good news from his son, but his new luck is about to be brutally shattered by an innocent little lie.",Thomas Vinterberg,,Tobias Lindholm, Thomas Vinterberg,Mads Mikkelsen, Thomas Bo Larsen, Annika Wedderkopp
Full Metal Jacket,UK, USA,,,,,English, Vietnamese,,,,,46357676,Natant, Stanley Kubrick Productions, Warner Bros.,116,R,Drama, War,,647097,833,153,A pragmatic U.S. Marine observes the dehumanizing effects the Vietnam War has on his fellow recruits from their brutal boot camp training to the bloody street fighting in Hue.,Stanley Kubrick,,Stanley Kubrick, Michael Herr,Matthew Modine, R. Lee Ermey, Vincent D'Onofrio
North by Northwest,USA,,,,,,English, French,,,,,71534,Metro-Goldwyn-Mayer (MGM),,,136,Approved,Adventure, Mystery, Thriller,286641,595,171,A New York City advertising executive goes on the run after being mistaken for a government agent by a group of foreign spies.,Alfred Hitchcock,,Ernest Lehman,,Cary Grant, Eva Marie Saint, James Mason
A Clockwork Orange,UK, USA,,,,,English,,,,,,26903440,Warner Bros., Polaris Productions, Hawk Films,136,R,Crime, Drama, Sci-Fi,729081,1539,175,"In the future, a sadistic gang leader is imprisoned and volunteers for a conduct-aversion experiment, but it doesn't go as planned.",Stanley Kubrick,,Stanley Kubrick, Anthony Burgess,Malcolm McDowell, Patrick Magee, Michael Bates
Bicycle Thieves,Italy,,,,,,Italian, English,,,,,428978,Produzioni De Sica (PDS), Produzioni De Sica,,89,Not Rated,Drama,,,137844,288,156,"In post-war Italy, a working-class man's bicycle is stolen. He and his son set out to find it.",Vittorio De Sica,,Cesare Zavattini, Luigi Bartolini,Lamberto Maggiorani, Enzo Staiola, Lianella Carell
The Kid,USA,,,,,,English, None,,,,,26916,Charles Chaplin Productions,,,68,Passed,Comedy, Drama, Family,106146,160,102,"The Tramp cares for an abandoned child, but events put that relationship in jeopardy.",Charles Chaplin,,Charles Chaplin,,Charles Chaplin, Edna Purviance, Jackie Coogan
Snatch,UK, USA,,,,,English, Russian,,,,,83557872,Columbia Pictures, SKA Films,,104,R,Comedy, Crime,,756198,829,171,"Unscrupulous boxing promoters, violent bookmakers, a Russian gangster, incompetent amateur robbers and supposedly Jewish jewelers fight to track down a priceless stolen diamond.",Guy Ritchie,,Guy Ritchie,,Jason Statham, Brad Pitt, Benicio Del Toro
Singin' in the Rain,USA,,,,,,English,,,,,,1864182,Metro-Goldwyn-Mayer (MGM),,,103,G,Comedy, Musical, Romance,209198,652,152,A silent film production company and cast make a difficult transition to sound.,Stanley Donen, Gene Kelly,Betty Comden, Adolph Green,Gene Kelly, Donald O'Connor, Debbie Reynolds
Scarface,USA,,,,,,English, Spanish,,,,,66023329,Universal Pictures,,,170,R,Crime, Drama,,707959,1008,180,"In 1980 Miami, a determined Cuban immigrant takes over a drug cartel and succumbs to greed.",Brian De Palma,,Oliver Stone,,Al Pacino, Michelle Pfeiffer, Steven Bauer
Taxi Driver,USA,,,,,,English, Spanish,,,,,28441292,Columbia Pictures, Columbia Pictures, Bill/Phillips,114,R,Crime, Drama,,689156,1130,287,"A mentally unstable veteran works as a nighttime taxi driver in New York City, where the perceived decadence and sleaze fuels his urge for violent action by attempting to liberate a presidential campaign worker and an underage prostitute.",Martin Scorsese,,Paul Schrader,,Robert De Niro, Jodie Foster, Cybill Shepherd
Amélie,France, Germany,,,,,French, Russian, English,,,,173924742,Claudie Ossard Productions, Union Générale Cinématographique (UGC), Victoires Productions,122,R,Comedy, Romance,,682216,1462,146,"Amélie is an innocent and naive girl in Paris with her own sense of justice. She decides to help those around her and, along the way, discovers love.",Jean-Pierre Jeunet,,Guillaume Laurant, Jean-Pierre Jeunet,Audrey Tautou, Mathieu Kassovitz, Rufus
Lawrence of Arabia,UK,,,,,,English, Arabic, Turkish,,,,45710874,Horizon Pictures (II),,,187,Approved,Adventure, Biography, Drama,256696,663,198,"The story of T.E. Lawrence, the English officer who successfully united and led the diverse, often warring, Arab tribes during World War I in order to fight the Turks.",David Lean,,T.E. Lawrence, Robert Bolt,Peter O'Toole, Alec Guinness, Anthony Quinn
The Sting,USA,,,,,,English,,,,,,156000000,Zanuck/Brown Productions, Universal Pictures,,129,PG,Comedy, Crime, Drama,232483,305,137,Two grifters team up to pull off the ultimate con.,George Roy Hill,,David S. Ward,,Paul Newman, Robert Redford, Robert Shaw
Toy Story 3,USA,,,,,,English, Spanish,,,,,1066969703,Walt Disney Pictures, Pixar Animation Studios,,103,G,Animation, Adventure, Comedy,729422,865,477,"The toys are mistakenly delivered to a day-care center instead of the attic right before Andy leaves for college, and it's up to Woody to convince the other toys that they weren't abandoned and to return home.",Lee Unkrich,,John Lasseter, Andrew Stanton,Tom Hanks, Tim Allen, Joan Cusack
Metropolis,Germany,,,,,,German,,,,,,1349711,Universum Film (UFA),,,153,Not Rated,Drama, Sci-Fi,,153322,484,203,"In a futuristic city sharply divided between the working class and the city planners, the son of the city's mastermind falls in love with a working class prophet who predicts the coming of a savior to mediate their differences.",Fritz Lang,,Thea von Harbou, Thea von Harbou,Brigitte Helm, Alfred Abel, Gustav Fröhlich
Ikiru,Japan,,,,,,Japanese,,,,,,90773,Toho Company,,,143,Not Rated,Drama,,,63390,204,122,A bureaucrat tries to find a meaning in his life after he discovers he has terminal cancer.,Akira Kurosawa,,Akira Kurosawa, Shinobu Hashimoto,Takashi Shimura, Nobuo Kaneko, Shin'ichi Himori
For a Few Dollars More,Italy, Spain, West Germany,,,,Italian, English,,,,,15000000,Produzioni Europee Associate (PEA), Arturo González Producciones Cinematográficas, Constantin Film,132,R,Western,,,221116,280,130,Two bounty hunters with the same intentions team up to track down a Western outlaw.,Sergio Leone,,Sergio Leone, Fulvio Morsella,Clint Eastwood, Lee Van Cleef, Gian Maria Volontè
A Separation,Iran, France,,,,,Persian,,,,,,22926076,Asghar Farhadi Productions, Dreamlab Films, MPA APSA Academy Film Fund,123,PG-13,Drama,,,210356,349,378,A married couple are faced with a difficult decision - to improve the life of their child by moving to another country or to stay in Iran and look after a deteriorating parent who has Alzheimer's disease.,Asghar Farhadi,,Asghar Farhadi,,Payman Maadi, Leila Hatami, Sareh Bayat
Double Indemnity,USA,,,,,,English,,,,,,13886,Paramount Pictures,,,107,Passed,Crime, Drama, Film-Noir,136660,384,146,An insurance representative lets himself be talked by a seductive housewife into a murder/insurance fraud scheme that arouses the suspicion of an insurance investigator.,Billy Wilder,,Billy Wilder, Raymond Chandler,Fred MacMurray, Barbara Stanwyck, Edward G. Robinson
The Apartment,USA,,,,,,English,,,,,,177066,The Mirisch Corporation,,,125,Not Rated,Comedy, Drama, Romance,155215,324,232,"A man tries to rise in his company by letting its executives use his apartment for trysts, but complications and a romance of his own ensue.",Billy Wilder,,Billy Wilder, I.A.L. Diamond,Jack Lemmon, Shirley MacLaine, Fred MacMurray
Incendies,Canada, France,,,,,French, Arabic, English,,,,7099598,micro_scope, TS Productions, Phi Group,131,R,Drama, Mystery, War,137443,237,240,Twins journey to the Middle East to discover their family history and fulfill their mother's last wishes.,Denis Villeneuve,,Denis Villeneuve, Wajdi Mouawad,Lubna Azabal, Mélissa Désormeaux-Poulin, Maxim Gaudette
To Kill a Mockingbird,USA,,,,,,English,,,,,,599146,Pakula-Mulligan, Brentwood Productions,,129,Approved,Crime, Drama,,285002,561,152,"Atticus Finch, a lawyer in the Depression-era South, defends a black man against an undeserved rape charge, and his children against prejudice.",Robert Mulligan,,Harper Lee, Horton Foote,Gregory Peck, John Megna, Frank Overton
Indiana Jones and the Last Crusade,USA,,,,,,English, German, Greek, Arabic,,,474310887,Paramount Pictures, Lucasfilm,,127,PG-13,Action, Adventure,,667137,554,166,"In 1938, after his father Professor Henry Jones, Sr. goes missing while pursuing the Holy Grail, Professor Henry ""Indiana"" Jones, Jr. finds himself up against Adolf Hitler's Nazis again to stop them from obtaining its powers.",Steven Spielberg,,Jeffrey Boam, George Lucas,Harrison Ford, Sean Connery, Alison Doody
Up,USA,,,,,,English,,,,,,735099082,Pixar Animation Studios, Walt Disney Pictures,,96,PG,Animation, Adventure, Comedy,897735,867,423,"78-year-old Carl Fredricksen travels to Paradise Falls in his house equipped with balloons, inadvertently taking a young stowaway.",Pete Docter, Bob Peterson,Pete Docter, Bob Peterson,Edward Asner, Jordan Nagai, John Ratzenberger
L.A. Confidential,USA,,,,,,English,,,,,,126216940,Regency Enterprises, The Wolper Organization, Warner Bros.,138,R,Crime, Drama, Mystery,514721,699,132,"As corruption grows in 1950s Los Angeles, three policemen - one strait-laced, one brutal, and one sleazy - investigate a series of murders with their own brand of justice.",Curtis Hanson,,James Ellroy, Brian Helgeland,Kevin Spacey, Russell Crowe, Guy Pearce
Heat,USA,,,,,,English, Spanish,,,,,187436818,Warner Bros., Regency Enterprises, Forward Pass,170,R,Crime, Drama, Thriller,552784,1055,208,A group of professional bank robbers start to feel the heat from police when they unknowingly leave a clue at their latest heist.,Michael Mann,,Michael Mann,,Al Pacino, Robert De Niro, Val Kilmer
Monty Python and the Holy Grail,UK,,,,,,English, French, Latin,,,,1938877,Python (Monty) Pictures, Michael White Productions, National Film Trustee Company,91,PG,Adventure, Comedy, Fantasy,484904,763,107,"King Arthur (Graham Chapman) and his Knights of the Round Table embark on a surreal, low-budget search for the Holy Grail, encountering many, very silly obstacles.",Terry Gilliam, Terry Jones,Graham Chapman, John Cleese,Graham Chapman, John Cleese, Eric Idle
Die Hard,USA,,,,,,English, German, Italian, Japanese,,,141482154,Twentieth Century Fox, Gordon Company, Silver Pictures,132,R,Action, Thriller,,758195,901,291,An NYPD officer tries to save his wife and several others taken hostage by German terrorists during a Christmas party at the Nakatomi Plaza in Los Angeles.,John McTiernan,,Roderick Thorp, Jeb Stuart,Bruce Willis, Alan Rickman, Bonnie Bedelia
Rashômon,Japan,,,,,,Japanese,,,,,,46808,Daiei,,,88,Not Rated,Crime, Drama, Mystery,144748,335,138,"The rape of a bride and the murder of her samurai husband are recalled from the perspectives of a bandit, the bride, the samurai's ghost and a woodcutter.",Akira Kurosawa,,Ryûnosuke Akutagawa, Akira Kurosawa,Toshirô Mifune, Machiko Kyô, Masayuki Mori
Yojimbo,Japan,,,,,,Japanese,,,,,,46808,Kurosawa Production Co., Toho Company,,110,Not Rated,Action, Drama, Thriller,104851,194,120,A crafty ronin comes to a town divided by two criminal gangs and decides to play them against each other to free the town.,Akira Kurosawa,,Akira Kurosawa, Akira Kurosawa,Toshirô Mifune, Eijirô Tôno, Tatsuya Nakadai
Batman Begins,USA, UK,,,,,English, Mandarin,,,,,373413297,Warner Bros., Syncopy, DC Comics,140,PG-13,Action, Adventure,,1259635,2854,319,"After training with his mentor, Batman begins his fight to free crime-ridden Gotham City from corruption.",Christopher Nolan,,Bob Kane, David S. Goyer,Christian Bale, Michael Caine, Ken Watanabe
Come and See,Soviet Union,,,,,,Belarusian, Russian, German,,,,168817,Belarusfilm, Mosfilm,,142,Not Rated,Drama, War,,50400,488,97,"After finding an old rifle, a young boy joins the Soviet resistance movement against ruthless German forces and experiences the horrors of World War II.",Elem Klimov,,Ales Adamovich, Ales Adamovich,Aleksey Kravchenko, Olga Mironova, Liubomiras Laucevicius
Green Book,USA, China,,,,,English, Italian, Russian, German,,,327909440,Participant, DreamWorks, Innisfree Pictures,130,PG-13,Biography, Comedy, Drama,320108,1404,394,A working-class Italian-American bouncer becomes the driver of an African-American classical pianist on a tour of venues through the 1960s American South.,Peter Farrelly,,Nick Vallelonga, Brian Hayes Currie,Viggo Mortensen, Mahershala Ali, Linda Cardellini
Children of Heaven,Iran,,,,,,Persian,,,,,,933933,Kanun parvaresh fekri,,,89,PG,Drama, Family, Sport,60172,176,57,"After a boy loses his sister's pair of shoes, he goes on a series of adventures in order to find them. When he can't, he tries a new way to ""win"" a new pair.",Majid Majidi,,Majid Majidi,,Mohammad Amir Naji, Amir Farrokh Hashemian, Bahare Seddiqi
Downfall,Germany, Austria, Italy,,,,German, Russian,,,,,92181574,Constantin Film, Norddeutscher Rundfunk (NDR), Westdeutscher Rundfunk (WDR),156,R,Biography, Drama, History,320216,627,208,"Traudl Junge, the final secretary for Adolf Hitler, tells of the Nazi dictator's final days in his Berlin bunker at the end of WWII.",Oliver Hirschbiegel,,Bernd Eichinger, Joachim Fest,Bruno Ganz, Alexandra Maria Lara, Ulrich Matthes
Unforgiven,USA,,,,,,English,,,,,,159157447,Warner Bros., Malpaso Productions,,130,R,Drama, Western,,360562,577,121,"Retired Old West gunslinger William Munny (Clint Eastwood) reluctantly takes on one last job, with the help of his old partner Ned Logan (Morgan Freeman) and a young man, The ""Schofield Kid"" (Jaimz Woolvett).",Clint Eastwood,,David Webb Peoples,,Clint Eastwood, Gene Hackman, Morgan Freeman
Some Like It Hot,USA,,,,,,English,,,,,,83169282,Ashton Productions, The Mirisch Corporation,,121,Not Rated,Comedy, Music, Romance,233914,408,220,"After two male musicians witness a mob hit, they flee the state in an all-female band disguised as women, but further complications set in.",Billy Wilder,,Billy Wilder, I.A.L. Diamond,Marilyn Monroe, Tony Curtis, Jack Lemmon
Ran,Japan, France,,,,,Japanese,,,,,,4160924,Greenwich Film Productions, Herald Ace, Nippon Herald Films,162,R,Action, Drama, War,106028,275,155,"In Medieval Japan, an elderly warlord retires, handing over his empire to his three sons. However, he vastly underestimates how the new-found power will corrupt them and cause them to turn on each other...and him.",Akira Kurosawa,,Akira Kurosawa, Hideo Oguni,Tatsuya Nakadai, Akira Terao, Jinpachi Nezu
Howl's Moving Castle,Japan,,,,,,Japanese,,,,,,236212992,Buena Vista Home Entertainment, DENTSU Music And Entertainment, Mitsubishi,119,PG,Animation, Adventure, Family,308007,422,241,"When an unconfident young woman is cursed with an old body by a spiteful witch, her only chance of breaking the spell lies with a self-indulgent yet insecure young wizard and his companions in his legged, walking castle.",Hayao Miyazaki,,Hayao Miyazaki, Diana Wynne Jones,Chieko Baishô, Takuya Kimura, Tatsuya Gashûin
The Great Escape,USA,,,,,,English, German, French, Russian, Spanish,,227940,The Mirisch Company, Alpha,,172,Not Rated,Adventure, Drama, History,215895,349,105,Allied prisoners of war plan for several hundred of their number to escape from a German camp during World War II.,John Sturges,,Paul Brickhill, James Clavell,Steve McQueen, James Garner, Richard Attenborough
All About Eve,USA,,,,,,English, French,,,,,150438,Twentieth Century Fox,,,138,Passed,Drama,,,115503,370,137,A seemingly timid but secretly ruthless ingénue insinuates herself into the lives of an aging Broadway star and her circle of theater friends.,Joseph L. Mankiewicz,,Joseph L. Mankiewicz,,Bette Davis, Anne Baxter, George Sanders
A Beautiful Mind,USA,,,,,,English,,,,,,316791257,Universal Pictures, DreamWorks, Imagine Entertainment,135,PG-13,Biography, Drama,,815318,1275,158,"After John Nash, a brilliant but asocial mathematician, accepts secret work in cryptography, his life takes a turn for the nightmarish.",Ron Howard,,Akiva Goldsman, Sylvia Nasar,Russell Crowe, Ed Harris, Jennifer Connelly
Casino,France, USA,,,,,English,,,,,,116112375,Universal Pictures, Syalis DA, Légende Entreprises,178,R,Crime, Drama,,442788,613,158,"A tale of greed, deception, money, power, and murder occur between two best friends: a mafia enforcer and a casino executive, compete against each other over a gambling empire, and over a fast living and fast loving socialite.",Martin Scorsese,,Nicholas Pileggi, Nicholas Pileggi,Robert De Niro, Sharon Stone, Joe Pesci
Pan's Labyrinth,Mexico, Spain,,,,,Spanish,,,,,,83850267,Estudios Picasso, Wild Bunch, Tequila Gang,118,R,Drama, Fantasy, War,598935,1260,454,"In the Falangist Spain of 1944, the bookish young stepdaughter of a sadistic army officer escapes into an eerie but captivating fantasy world.",Guillermo del Toro,,Guillermo del Toro,,Ivana Baquero, Ariadna Gil, Sergi López
The Secret in Their Eyes,Argentina, Spain,,,,,Spanish,,,,,,42629597,Tornasol Films, Haddock Films, 100 Bares,129,R,Drama, Mystery, Romance,184010,288,279,A retired legal counselor writes a novel hoping to find closure for one of his past unresolved homicide cases and for his unreciprocated love with his superior - both of which still haunt him decades later.,Juan José Campanella,,Eduardo Sacheri, Juan José Campanella,Ricardo Darín, Soledad Villamil, Pablo Rago
My Neighbor Totoro,Japan,,,,,,Japanese,,,,,,30476708,Tokuma Japan Communications, Studio Ghibli, Nibariki,86,G,Animation, Family, Fantasy,268406,438,180,"When two girls move to the country to be near their ailing mother, they have adventures with the wondrous forest spirits who live nearby.",Hayao Miyazaki,,Hayao Miyazaki,,Hitoshi Takagi, Noriko Hidaka, Chika Sakamoto
The Wolf of Wall Street,USA,,,,,,English, French,,,,,392000694,Red Granite Pictures, Appian Way, Sikelia Productions,180,R,Biography, Crime, Drama,1114452,1385,641,"Based on the true story of Jordan Belfort, from his rise to a wealthy stock-broker living the high life to his fall involving crime, corruption and the federal government.",Martin Scorsese,,Terence Winter, Jordan Belfort,Leonardo DiCaprio, Jonah Hill, Margot Robbie
"Lock, Stock and Two Smoking Barrels",UK,,,,,,English,,,,,,3753929,Summit Entertainment, The Steve Tisch Company, SKA Films,107,R,Comedy, Crime,,517207,578,119,"A botched card game in London triggers four friends, thugs, weed-growers, hard gangsters, loan sharks and debt collectors to collide with each other in a series of unexpected events, all for the sake of weed, cash and two antique shotguns.",Guy Ritchie,,Guy Ritchie,,Jason Flemyng, Dexter Fletcher, Nick Moran
Raging Bull,USA,,,,,,English,,,,,,23402117,Chartoff-Winkler Productions,,,129,R,Biography, Drama, Sport,308237,573,189,"The life of boxer Jake LaMotta, whose violence and temper that led him to the top in the ring destroyed his life outside of it.",Martin Scorsese,,Jake LaMotta, Joseph Carter,Robert De Niro, Cathy Moriarty, Joe Pesci
The Treasure of the Sierra Madre,USA, Mexico,,,,,English, Spanish,,,,,215295,Warner Bros.,,,126,Passed,Adventure, Drama, Western,109324,265,95,Two Americans searching for work in Mexico convince an old prospector to help them mine for gold in the Sierra Madre Mountains.,John Huston,,John Huston, B. Traven,Humphrey Bogart, Walter Huston, Tim Holt
Judgment at Nuremberg,USA,,,,,,English, German,,,,,12180,Roxlom Films Inc.,,,179,Not Rated,Drama, War,,65936,207,99,"In 1948, an American court in occupied Germany tries four Nazis judged for war crimes.",Stanley Kramer,,Abby Mann, Abby Mann,Spencer Tracy, Burt Lancaster, Richard Widmark
There Will Be Blood,USA,,,,,,English, American Sign Language,,,,,76181545,Paramount Vantage, Miramax, Ghoulardi Film Company,158,R,Drama,,,493148,1289,341,"A story of family, religion, hatred, oil and madness, focusing on a turn-of-the-century prospector in the early days of the business.",Paul Thomas Anderson,,Paul Thomas Anderson, Upton Sinclair,Daniel Day-Lewis, Paul Dano, Ciarán Hinds
Babam ve Oglum,Turkey,,,,,,Turkish,,,,,,18612999,Avsar Film,,,112,G,Drama, Family,,74402,121,6,The family of a left-wing journalist is torn apart after the military coup of Turkey in 1980.,Çagan Irmak,,Çagan Irmak,,Çetin Tekindor, Fikret Kuskan, Hümeyra
"Three Billboards Outside Ebbing, Missouri",UK, USA,,,,,English,,,,,,160192031,Blueprint Pictures, Film 4, Fox Searchlight Pictures,115,R,Comedy, Crime, Drama,397438,1147,573,A mother personally challenges the local authorities to solve her daughter's murder when they fail to catch the culprit.,Martin McDonagh,,Martin McDonagh,,Frances McDormand, Woody Harrelson, Sam Rockwell
The Gold Rush,USA,,,,,,English, None,,,,,26916,Charles Chaplin Productions,,,95,Not Rated,Adventure, Comedy, Drama,95180,181,123,A prospector goes to the Klondike in search of gold and finds it and more.,Charles Chaplin,,Charles Chaplin,,Charles Chaplin, Mack Swain, Tom Murray
Dial M for Murder,USA,,,,,,English,,,,,,18816,Warner Bros.,,,105,PG,Crime, Thriller,,149834,341,102,A tennis player tries to arrange his wife's murder after learning of her affair.,Alfred Hitchcock,,Frederick Knott, Frederick Knott,Ray Milland, Grace Kelly, Robert Cummings
Chinatown,USA,,,,,,English, Cantonese, Spanish,,,,29225935,Paramount Pictures, Penthouse Video, Long Road Productions,130,R,Drama, Mystery, Thriller,281425,526,262,"A private detective hired to expose an adulterer finds himself caught up in a web of deceit, corruption, and murder.",Roman Polanski,,Robert Towne,,Jack Nicholson, Faye Dunaway, John Huston
V for Vendetta,USA, UK, Germany,,,,English,,,,,,132511035,Warner Bros., Virtual Studios, Silver Pictures,132,R,Action, Drama, Sci-Fi,994945,2190,189,"In a future British tyranny, a shadowy freedom fighter, known only by the alias of ""V"", plots to overthrow it with the help of a young woman.",James McTeigue,,Lilly Wachowski, Lana Wachowski,Hugo Weaving, Natalie Portman, Rupert Graves
The Seventh Seal,Sweden,,,,,,Swedish, Latin,,,,,230571,Svensk Filmindustri (SF),,,96,Not Rated,Drama, Fantasy,,155229,331,116,"A man seeks answers about life, death, and the existence of God as he plays chess against the Grim Reaper during the Black Plague.",Ingmar Bergman,,Ingmar Bergman, Ingmar Bergman,Max von Sydow, Gunnar Björnstrand, Bengt Ekerot
No Country for Old Men,USA, Mexico,,,,,English, Spanish,,,,,171627166,Paramount Vantage, Miramax, Scott Rudin Productions,122,R,Crime, Drama, Thriller,814504,1784,536,Violence and mayhem ensue after a hunter stumbles upon a drug deal gone wrong and more than two million dollars in cash near the Rio Grande.,Ethan Coen, Joel Coen,Joel Coen, Ethan Coen,Tommy Lee Jones, Javier Bardem, Josh Brolin
Inside Out,USA,,,,,,English,,,,,,857611174,Pixar Animation Studios, Walt Disney Pictures,,95,PG,Animation, Adventure, Comedy,580609,1012,585,"After young Riley is uprooted from her Midwest life and moved to San Francisco, her emotions - Joy, Fear, Anger, Disgust and Sadness - conflict on how best to navigate a new city, house, and school.",Pete Docter, Ronnie Del Carmen,Pete Docter, Ronnie Del Carmen,Amy Poehler, Bill Hader, Lewis Black
Warrior,USA,,,,,,English, Spanish,,,,,23308615,Lionsgate, Mimran Schur Pictures, Solaris,140,PG-13,Drama, Sport,,421730,665,336,"The youngest son of an alcoholic former boxer returns home, where he's trained by his father for competition in a mixed martial arts tournament - a path that puts the fighter on a collision course with his estranged, older brother.",Gavin O'Connor,,Gavin O'Connor, Anthony Tambakis,Tom Hardy, Nick Nolte, Joel Edgerton
Shutter Island,USA,,,,,,English, German,,,,,294804195,Paramount Pictures, Phoenix Pictures, Sikelia Productions,138,R,Mystery, Thriller,,1075420,1226,530,"In 1954, a U.S. Marshal investigates the disappearance of a murderer who escaped from a hospital for the criminally insane.",Martin Scorsese,,Laeta Kalogridis, Dennis Lehane,Leonardo DiCaprio, Emily Mortimer, Mark Ruffalo
Trainspotting,UK,,,,,,English,,,,,,16593356,Channel Four Films, Figment Films, The Noel Gay Motion Picture Company,93,R,Drama,,,616078,617,148,"Renton, deeply immersed in the Edinburgh drug scene, tries to clean up and get out, despite the allure of the drugs and influence of friends.",Danny Boyle,,Irvine Welsh, John Hodge,Ewan McGregor, Ewen Bremner, Jonny Lee Miller
The Elephant Man,USA, UK,,,,,English,,,,,,26020641,Brooksfilms,,,124,PG,Biography, Drama,,210711,408,143,"A Victorian surgeon rescues a heavily disfigured man who is mistreated while scraping a living as a side-show freak. Behind his monstrous façade, there is revealed a person of kindness, intelligence and sophistication.",David Lynch,,Christopher De Vore, Eric Bergren,Anthony Hopkins, John Hurt, Anne Bancroft
The Sixth Sense,USA,,,,,,English, Latin, Spanish,,,,672806292,Hollywood Pictures, Spyglass Entertainment, The Kennedy/Marshall Company,107,PG-13,Drama, Mystery, Thriller,882823,2207,265,A boy who communicates with spirits seeks the help of a disheartened child psychologist.,M. Night Shyamalan,,M. Night Shyamalan,,Bruce Willis, Haley Joel Osment, Toni Collette
The Thing,USA,,,,,,English, Norwegian,,,,,19629760,Universal Pictures, Turman-Foster Company,,109,R,Horror, Mystery, Sci-Fi,353251,1078,346,A research team in Antarctica is hunted by a shape-shifting alien that assumes the appearance of its victims.,John Carpenter,,Bill Lancaster, John W. Campbell Jr.,Kurt Russell, Wilford Brimley, Keith David
Gone with the Wind,USA,,,,,,English,,,,,,402352579,Selznick International Pictures, Metro-Goldwyn-Mayer (MGM),,238,Passed,Drama, History, Romance,277807,844,187,A manipulative woman and a roguish man conduct a turbulent romance during the American Civil War and Reconstruction periods.,Victor Fleming, George Cukor,Margaret Mitchell, Sidney Howard,Clark Gable, Vivien Leigh, Thomas Mitchell
Room,Ireland, Canada, UK, USA,,,English,,,,,,35401758,Element Pictures, Film 4, FilmNation Entertainment,118,R,Drama, Thriller,,347427,642,476,"Held captive for 7 years in an enclosed space, a woman and her young son finally gain their freedom, allowing the boy to experience the outside world for the first time.",Lenny Abrahamson,,Emma Donoghue, Emma Donoghue,Brie Larson, Jacob Tremblay, Sean Bridgers
Jurassic Park,USA,,,,,,English, Spanish,,,,,1032020521,Universal Pictures, Amblin Entertainment,,127,PG-13,Action, Adventure, Sci-Fi,828734,1098,356,A pragmatic paleontologist visiting an almost complete theme park is tasked with protecting a couple of kids after a power failure causes the park's cloned dinosaurs to run loose.,Steven Spielberg,,Michael Crichton, Michael Crichton,Sam Neill, Laura Dern, Jeff Goldblum
Wild Strawberries,Sweden,,,,,,Swedish, Latin,,,,,14524,Svensk Filmindustri (SF),,,91,Not Rated,Drama, Romance,,90509,175,96,"After living a life marked by coldness, an aging professor is forced to confront the emptiness of his existence.",Ingmar Bergman,,Ingmar Bergman,,Victor Sjöström, Bibi Andersson, Ingrid Thulin
Blade Runner,USA,,,,,,English, German, Cantonese, Japanese, Hungarian, Arabic,41473619,The Ladd Company, Shaw Brothers, Warner Bros.,117,R,Action, Sci-Fi, Thriller,667101,1524,256,"A blade runner must pursue and terminate four replicants who stole a ship in space, and have returned to Earth to find their creator.",Ridley Scott,,Hampton Fancher, David Webb Peoples,Harrison Ford, Rutger Hauer, Sean Young
The Bridge on the River Kwai,UK, USA,,,,,English, Japanese, Thai,,,,27200000,Horizon Pictures (II),,,161,PG,Adventure, Drama, War,195562,321,93,"British POWs are forced to build a railway bridge across the river Kwai for their Japanese captors, not knowing that the allied forces are planning to destroy it.",David Lean,,Pierre Boulle, Carl Foreman,William Holden, Alec Guinness, Jack Hawkins
Finding Nemo,USA, Australia,,,,,English,,,,,,940343261,Pixar Animation Studios, Walt Disney Pictures,,100,G,Animation, Adventure, Comedy,915611,953,148,"After his son is captured in the Great Barrier Reef and taken to Sydney, a timid clownfish sets out on a journey to bring him home.",Andrew Stanton, Lee Unkrich,Andrew Stanton, Andrew Stanton,Albert Brooks, Ellen DeGeneres, Alexander Gould
Stalker,Soviet Union,,,,,,Russian,,,,,,303806,Mosfilm, Vtoroe Tvorcheskoe Obedinenie,,162,Not Rated,Drama, Sci-Fi,,108305,405,157,A guide leads two men through an area known as the Zone to find a room that grants wishes.,Andrei Tarkovsky,,Arkadiy Strugatskiy, Boris Strugatskiy,Alisa Freyndlikh, Aleksandr Kaydanovskiy, Anatoliy Solonitsyn
On the Waterfront,USA,,,,,,English,,,,,,0,Horizon Pictures,,,108,Not Rated,Crime, Drama, Thriller,135877,320,158,An ex-prize fighter turned longshoreman struggles to stand up to his corrupt union bosses.,Elia Kazan,,Budd Schulberg, Budd Schulberg,Marlon Brando, Karl Malden, Lee J. Cobb
The Third Man,UK,,,,,,English, German, Russian,,,,1225424,London Film Productions,,,104,Not Rated,Film-Noir, Mystery, Thriller,152721,467,249,"Pulp novelist Holly Martins travels to shadowy, postwar Vienna, only to find himself investigating the mysterious death of an old friend, Harry Lime.",Carol Reed,,Graham Greene, Graham Greene,Orson Welles, Joseph Cotten, Alida Valli
Fargo,USA, UK,,,,,English,,,,,,60611975,PolyGram Filmed Entertainment, Working Title Films,,98,R,Crime, Drama, Thriller,591719,938,226,Jerry Lundegaard's inept crime falls apart due to his and his henchmen's bungling and the persistent police work of the quite pregnant Marge Gunderson.,Joel Coen, Ethan Coen,Ethan Coen, Joel Coen,William H. Macy, Frances McDormand, Steve Buscemi
Kill Bill: Vol. 1,USA, Japan,,,,,English, Japanese, French,,,,180899045,Miramax, A Band Apart, Super Cool ManChu,111,R,Action, Crime, Thriller,962437,2251,367,"After awakening from a four-year coma, a former assassin wreaks vengeance on the team of assassins who betrayed her.",Quentin Tarantino,,Quentin Tarantino, Quentin Tarantino,Uma Thurman, David Carradine, Daryl Hannah
The Truman Show,USA,,,,,,English,,,,,,264118201,Paramount Pictures, Scott Rudin Productions,,103,PG,Comedy, Drama, Sci-Fi,891554,1120,254,An insurance salesman discovers his whole life is actually a reality TV show.,Peter Weir,,Andrew Niccol,,Jim Carrey, Ed Harris, Laura Linney
Gran Torino,Germany, USA,,,,,English, Hmong,,,,,269958228,Matten Productions, Double Nickel Entertainment, Gerber Pictures,116,R,Drama,,,698605,976,370,"Disgruntled Korean War veteran Walt Kowalski sets out to reform his neighbor, Thao Lor, a Hmong teenager who tried to steal Kowalski's prized possession: a 1972 Gran Torino.",Clint Eastwood,,Nick Schenk, Dave Johannson,Clint Eastwood, Bee Vang, Christopher Carley
Tokyo Story,Japan,,,,,,Japanese, English,,,,,40405,Shochiku,,,136,Not Rated,Drama,,,48522,153,105,"An old couple visit their children and grandchildren in the city, but receive little attention.",Yasujirô Ozu,,Kôgo Noda, Yasujirô Ozu,Chishû Ryû, Chieko Higashiyama, Sô Yamamura
The Deer Hunter,USA,,,,,,English, Russian, Vietnamese, French,,,49074243,EMI Films, Universal Pictures,,183,R,Drama, War,,299563,1124,159,An in-depth examination of the ways in which the U.S. Vietnam War impacts and disrupts the lives of people in a small industrial town in Pennsylvania.,Michael Cimino,,Michael Cimino, Deric Washburn,Robert De Niro, Christopher Walken, John Cazale
Memories of Murder,South Korea,,,,,,Korean, English,,,,,927398,CJ Entertainment, Muhan Investment, Sidus,131,Not Rated,Action, Crime, Drama,121783,223,172,"In a small Korean province in 1986, two detectives struggle with the case of multiple young women being found raped and murdered by an unknown culprit.",Bong Joon Ho,,Bong Joon Ho, Kwang-rim Kim,Kang-ho Song, Sang-kyung Kim, Roe-ha Kim
Relatos salvajes,Argentina, Spain, France, UK,,,Spanish,,,,,,30642704,British Film Institute (BFI), Canal+, Corner Producciones,122,R,Comedy, Drama, Thriller,165524,222,309,Six short stories that explore the extremities of human behavior involving people in distress.,Damián Szifron,,Germán Servidio, Damián Szifron,Darío Grandinetti, María Marull, Mónica Villa
Klaus,Spain,,,,,,English, Saami,,,,,0,The SPA Studios, Atresmedia Cine,,96,PG,Animation, Adventure, Comedy,68012,563,98,"A simple act of kindness always sparks another, even in a frozen, faraway place. When Smeerensburg's new postman, Jesper, befriends toymaker Klaus, their gifts melt an age-old feud and deliver a sleigh full of holiday traditions.",Sergio Pablos, Carlos Martínez López,Sergio Pablos, Sergio Pablos,Jason Schwartzman, J.K. Simmons, Rashida Jones
The Bandit,Turkey, France, Bulgaria,,,,Turkish,,,,,,0,Artcam International, Filma-Cass, Geopoly,128,TV-MA,Crime, Drama, Thriller,60353,53,5,"Baran the Bandit, released from prison after 35 years, searches for vengeance and his lover.",Yavuz Turgul,,Yavuz Turgul,,Sener Sen, Ugur Yücel, Sermin Hürmeriç
Andhadhun,India,,,,,,Hindi, English,,,,,49391206,Matchbox Pictures, Viacom18 Motion Pictures,,139,Not Rated,Crime, Thriller,,60510,824,31,"A series of mysterious events change the life of a blind pianist, who must now report a crime that he should technically know nothing of.",Sriram Raghavan,,Arijit Biswas, Yogesh Chandekar,Ayushmann Khurrana, Tabu, Radhika Apte
Mary and Max,Australia,,,,,,English, Yiddish,,,,,1739445,Melodrama Pictures,,,92,Not Rated,Animation, Comedy, Drama,158599,222,181,"A tale of friendship between two unlikely pen pals: Mary, a lonely, eight-year-old girl living in the suburbs of Melbourne, and Max, a forty-four-year old, severely obese man living in New York.",Adam Elliot,,Adam Elliot,,Toni Collette, Philip Seymour Hoffman, Eric Bana
The Big Lebowski,USA, UK,,,,,English, German, Hebrew, Spanish,,,46735469,Polygram Filmed Entertainment, Working Title Films,,117,R,Comedy, Crime, Sport,699903,1205,189,"Jeff ""The Dude"" Lebowski, mistaken for a millionaire of the same name, seeks restitution for his ruined rug and enlists his bowling buddies to help get it.",Joel Coen, Ethan Coen,Ethan Coen, Joel Coen,Jeff Bridges, John Goodman, Julianne Moore
In the Name of the Father,Ireland, UK,,,,,English,,,,,,65796862,Hell's Kitchen Films, Universal Pictures,,133,R,Biography, Drama,,149652,178,59,A man's coerced confession to an I.R.A. bombing he did not commit results in the imprisonment of his father as well. An English lawyer fights to free them.,Jim Sheridan,,Gerry Conlon, Terry George,Daniel Day-Lewis, Pete Postlethwaite, Alison Crosbie
Gone Girl,USA,,,,,,English,,,,,,369330363,Twentieth Century Fox, Regency Enterprises, TSG Entertainment,149,R,Drama, Mystery, Thriller,816559,1421,618,"With his wife's disappearance having become the focus of an intense media circus, a man sees the spotlight turned on him when it's suspected that he may not be innocent.",David Fincher,,Gillian Flynn, Gillian Flynn,Ben Affleck, Rosamund Pike, Neil Patrick Harris
Hacksaw Ridge,Australia, USA,,,,,English, Japanese,,,,,180450918,Summit Entertainment, Cross Creek Pictures, Demarest Films,139,R,Biography, Drama, History,406764,869,468,"World War II American Army Medic Desmond T. Doss, who served during the Battle of Okinawa, refuses to kill people, and becomes the first man in American history to receive the Medal of Honor without firing a shot.",Mel Gibson,,Robert Schenkkan, Andrew Knight,Andrew Garfield, Sam Worthington, Luke Bracey
The Grand Budapest Hotel,Germany, USA,,,,,English, French, German,,,,172936941,Fox Searchlight Pictures, Indian Paintbrush, Studio Babelsberg,99,R,Adventure, Comedy, Crime,675046,845,569,"A writer encounters the owner of an aging high-class hotel, who tells him of his early years serving as a lobby boy in the hotel's glorious years under an exceptional concierge.",Wes Anderson,,Stefan Zweig, Wes Anderson,Ralph Fiennes, F. Murray Abraham, Mathieu Amalric
To Be or Not to Be,USA,,,,,,English, German,,,,,4578000,Romaine Film Corporation,,,99,Passed,Comedy, War,,25259,130,75,"During the Nazi occupation of Poland, an acting troupe becomes embroiled in a Polish soldier's efforts to track down a German spy.",Ernst Lubitsch,,Melchior Lengyel, Edwin Justus Mayer,Carole Lombard, Jack Benny, Robert Stack
Ford v Ferrari,USA, France,,,,,English, Italian, French, Japanese,,,225508210,Chernin Entertainment, Turnpike Films, Twentieth Century Fox,152,PG-13,Action, Biography, Drama,212293,1199,330,American car designer Carroll Shelby and driver Ken Miles battle corporate interference and the laws of physics to build a revolutionary race car for Ford in order to defeat Ferrari at the 24 Hours of Le Mans in 1966.,James Mangold,,Jez Butterworth, John-Henry Butterworth,Matt Damon, Christian Bale, Jon Bernthal
Persona,Sweden,,,,,,Swedish, English,,,,,12142,American International Pictures (AIP), Aurora, Svensk Filmindustri (SF),85,Not Rated,Drama, Thriller,,95593,218,137,A nurse is put in charge of a mute actress and finds that their personae are melding together.,Ingmar Bergman,,Ingmar Bergman,,Bibi Andersson, Liv Ullmann, Margaretha Krook
Before Sunrise,USA, Austria, Switzerland,,,,English, German, French,,,,5986708,Castle Rock Entertainment, Detour Filmproduction, Filmhaus Wien Universa Filmproduktions,101,R,Drama, Romance,,255765,472,153,"A young man and woman meet on a train in Europe, and wind up spending one evening together in Vienna. Unfortunately, both know that this will probably be their only night together.",Richard Linklater,,Richard Linklater, Kim Krizan,Ethan Hawke, Julie Delpy, Andrea Eckert
Catch Me If You Can,USA, Canada,,,,,English, French,,,,,352114312,DreamWorks, Kemp Company, Splendid Pictures,141,PG-13,Biography, Crime, Drama,781481,802,200,"A seasoned FBI agent pursues Frank Abagnale Jr. who, before his 19th birthday, successfully forged millions of dollars' worth of checks while posing as a Pan Am pilot, a doctor, and a legal prosecutor.",Steven Spielberg,,Jeff Nathanson, Frank Abagnale Jr.,Leonardo DiCaprio, Tom Hanks, Christopher Walken
How to Train Your Dragon,USA,,,,,,English,,,,,,494878759,DreamWorks Animation, Mad Hatter Entertainment, Vertigo Entertainment,98,PG,Animation, Action, Adventure,642569,614,310,"A hapless young Viking who aspires to hunt dragons becomes the unlikely friend of a young dragon himself, and learns there may be more to the creatures than he assumed.",Dean DeBlois, Chris Sanders,William Davies, Dean DeBlois,Jay Baruchel, Gerard Butler, Christopher Mintz-Plasse
The General,USA,,,,,,English,,,,,,750000,Buster Keaton Productions, Joseph M. Schenck Productions,,67,Passed,Action, Adventure, Comedy,76866,276,113,"When Union spies steal an engineer's beloved locomotive, he pursues it single-handedly and straight through enemy lines.",Clyde Bruckman, Buster Keaton,Buster Keaton, Clyde Bruckman,Buster Keaton, Marion Mack, Glen Cavender
Mr. Smith Goes to Washington,USA,,,,,,English,,,,,,144738,Columbia Pictures,,,129,Not Rated,Comedy, Drama,,102810,282,84,"A naive man is appointed to fill a vacancy in the United States Senate. His plans promptly collide with political corruption, but he doesn't back down.",Frank Capra,,Sidney Buchman, Lewis R. Foster,James Stewart, Jean Arthur, Claude Rains
Sherlock Jr.,USA,,,,,,English,,,,,,977375,Buster Keaton Productions,,,45,Not Rated,Action, Comedy, Romance,37956,311,66,"A film projectionist longs to be a detective, and puts his meagre skills to work when he is framed by a rival for stealing his girlfriend's father's pocketwatch.",Buster Keaton,,Jean C. Havez, Joseph A. Mitchell,Buster Keaton, Kathryn McGuire, Joe Keaton
Prisoners,USA,,,,,,English,,,,,,122126687,Alcon Entertainment, 8:38 Productions, Madhouse Entertainment,153,R,Crime, Drama, Mystery,568105,878,491,"When Keller Dover's daughter and her friend go missing, he takes matters into his own hands as the police pursue multiple leads and the pressure mounts.",Denis Villeneuve,,Aaron Guzikowski,,Hugh Jackman, Jake Gyllenhaal, Viola Davis
12 Years a Slave,UK, USA,,,,,English,,,,,,187733202,Regency Enterprises, River Road Entertainment, Plan B Entertainment,134,R,Biography, Drama, History,613655,849,613,"In the antebellum United States, Solomon Northup, a free black man from upstate New York, is abducted and sold into slavery.",Steve McQueen,,John Ridley, Solomon Northup,Chiwetel Ejiofor, Michael Kenneth Williams, Michael Fassbender
Cool Hand Luke,USA,,,,,,English,,,,,,0,Jalem Productions,,,127,GP,Crime, Drama,,155929,323,126,"A laid back Southern man is sentenced to two years in a rural prison, but refuses to conform.",Stuart Rosenberg,,Donn Pearce, Frank Pierson,Paul Newman, George Kennedy, Strother Martin
Mad Max: Fury Road,Australia, USA, South Africa,,,,English, Russian,,,,,375209362,Warner Bros., Village Roadshow Pictures, Kennedy Miller Productions,120,R,Action, Adventure, Sci-Fi,837603,1959,822,"In a post-apocalyptic wasteland, a woman rebels against a tyrannical ruler in search for her homeland with the aid of a group of female prisoners, a psychotic worshiper, and a drifter named Max.",George Miller,,George Miller, Brendan McCarthy,Tom Hardy, Charlize Theron, Nicholas Hoult
Barry Lyndon,UK, USA,,,,,English, German, French,,,,198992,Peregrine, Hawk Films, Warner Bros.,185,PG,Adventure, Drama, History,141959,446,106,An Irish rogue wins the heart of a rich widow and assumes her dead husband's aristocratic position in 18th-century England.,Stanley Kubrick,,Stanley Kubrick, William Makepeace Thackeray,Ryan O'Neal, Marisa Berenson, Patrick Magee
The Wages of Fear,France, Italy,,,,,French, English, Spanish, German, Italian, Russian,1098,Compagnie Industrielle et Commerciale Cinématographique (CICC), Filmsonor, Vera Films,131,Not Rated,Adventure, Drama, Thriller,51660,158,136,"In a decrepit South American village, four men are hired to transport an urgent nitroglycerine shipment without the equipment that would make it safe.",Henri-Georges Clouzot,,Georges Arnaud, Henri-Georges Clouzot,Yves Montand, Charles Vanel, Peter van Eyck
Network,USA,,,,,,English,,,,,,23690757,Metro-Goldwyn-Mayer (MGM),,,121,R,Drama,,,139230,387,172,A television network cynically exploits a deranged former anchor's ravings and revelations about the news media for its own profit.,Sidney Lumet,,Paddy Chayefsky,,Faye Dunaway, William Holden, Peter Finch
Stand by Me,USA,,,,,,English,,,,,,52287414,Columbia Pictures, Act III, Act III Communications,89,R,Adventure, Drama,,349764,680,130,"After the death of one of his friends, a writer recounts a boyhood journey with his friends to find the body of a missing boy.",Rob Reiner,,Stephen King, Raynold Gideon,Wil Wheaton, River Phoenix, Corey Feldman
Into the Wild,USA,,,,,,English, Danish,,,,,56674477,Paramount Vantage, Art Linson Productions, Into the Wild,148,R,Adventure, Biography, Drama,550677,924,241,"After graduating from Emory University, top student and athlete Christopher McCandless abandons his possessions, gives his entire $24,000 savings account to charity and hitchhikes to Alaska to live in the wilderness. Along the way, Christopher encounters a series of characters that shape his life.",Sean Penn,,Sean Penn, Jon Krakauer,Emile Hirsch, Vince Vaughn, Catherine Keener
Million Dollar Baby,USA,,,,,,English, Irish,,,,,216763646,Warner Bros., Lakeshore Entertainment, Malpaso Productions,132,PG-13,Drama, Sport,,614139,1208,285,A determined woman works with a hardened boxing trainer to become a professional.,Clint Eastwood,,Paul Haggis, F.X. Toole,Hilary Swank, Clint Eastwood, Morgan Freeman
Monty Python's Life of Brian,UK,,,,,,English, Latin,,,,,20738621,HandMade Films, Python (Monty) Pictures,,94,R,Comedy,,,353751,384,149,"Born on the original Christmas in the stable next door to Jesus Christ, Brian of Nazareth (Graham Chapman) spends his life being mistaken for a messiah.",Terry Jones,,Graham Chapman, John Cleese,Graham Chapman, John Cleese, Michael Palin
Hachi: A Dog's Tale,UK, USA,,,,,English, Japanese,,,,,46749646,Stage 6 Films, Inferno Distribution, Hachiko,93,G,Drama, Family,,240649,448,92,A college professor bonds with an abandoned dog he takes into his home.,Lasse Hallström,,Stephen P. Lindsey, Kaneto Shindô,Richard Gere, Joan Allen, Cary-Hiroyuki Tagawa
Ben-Hur,USA,,,,,,English,,,,,,74427638,Metro-Goldwyn-Mayer (MGM),,,212,G,Adventure, Drama, History,211769,436,127,"After a Jewish prince is betrayed and sent into slavery by a Roman friend, he regains his freedom and comes back for revenge.",William Wyler,,Lew Wallace, Karl Tunberg,Charlton Heston, Jack Hawkins, Stephen Boyd
Platoon,USA, UK,,,,,English, Vietnamese,,,,,138545632,Hemdale, Cinema '84, Cinema 86,120,R,Drama, War,,368449,592,137,A young soldier in Vietnam faces a moral crisis when confronted with the horrors of war and the duality of man.,Oliver Stone,,Oliver Stone,,Charlie Sheen, Tom Berenger, Willem Dafoe
Rush,UK, Germany, USA,,,,English, German, Italian, French, Spanish,,96983009,Exclusive Media Group, Cross Creek Pictures, Imagine Entertainment,123,R,Biography, Drama, Sport,415749,554,423,The merciless 1970s rivalry between Formula One rivals James Hunt and Niki Lauda.,Ron Howard,,Peter Morgan,,Daniel Brühl, Chris Hemsworth, Olivia Wilde
The Passion of Joan of Arc,France,,,,,,French,,,,,,21877,Société générale des films,,,110,Not Rated,Biography, Drama, History,44430,186,130,"In 1431, Jeanne d'Arc is placed on trial on charges of heresy. The ecclesiastical jurists attempt to force Jeanne to recant her claims of holy visions.",Carl Theodor Dreyer,,Joseph Delteil, Carl Theodor Dreyer,Maria Falconetti, Eugene Silvain, André Berley
Logan,USA,,,,,,English, Spanish,,,,,619021436,Twentieth Century Fox, Marvel Entertainment, TSG Entertainment,137,R,Action, Drama, Sci-Fi,614106,1533,634,"In a future where mutants are nearly extinct, an elderly and weary Logan leads a quiet life. But when Laura, a mutant child pursued by scientists, comes to him for help, he must get her to safety.",James Mangold,,James Mangold, Scott Frank,Hugh Jackman, Patrick Stewart, Dafne Keen
Dead Poets Society,USA,,,,,,English, Latin,,,,,235860116,Touchstone Pictures, Silver Screen Partners IV, A Steven Haft Production,128,PG,Comedy, Drama,,401857,610,105,English teacher John Keating inspires his students to look at poetry with a different perspective of authentic knowledge and feelings. -Camilo Alarcón,Peter Weir,,Tom Schulman,,Robin Williams, Robert Sean Leonard, Ethan Hawke
Harry Potter and the Deathly Hallows: Part 2,UK, USA,,,,,English,,,,,,1341932398,Warner Bros., Heyday Films, Moving Picture Company (MPC),130,PG-13,Adventure, Drama, Fantasy,731126,936,482,"Harry, Ron, and Hermione search for Voldemort's remaining Horcruxes in their effort to destroy the Dark Lord as the final battle rages on at Hogwarts.",David Yates,,Steve Kloves, J.K. Rowling,Daniel Radcliffe, Emma Watson, Rupert Grint
Andrei Rublev,Soviet Union,,,,,,Russian, Italian, Tatar,,,,145491,Mosfilm, Tvorcheskoe Obedinienie Pisateley i Kinorabotnikov,,165,R,Biography, Drama, History,43307,151,109,"The life, times and afflictions of the fifteenth-century Russian iconographer St. Andrei Rublev.",Andrei Tarkovsky,,Andrey Konchalovskiy, Andrei Tarkovsky,Anatoliy Solonitsyn, Ivan Lapikov, Nikolay Grinko
The 400 Blows,France,,,,,,French, English,,,,,127244,Les Films du Carrosse, Sédif Productions,,99,Not Rated,Crime, Drama,,99358,208,164,"A young boy, left without attention, delves into a life of petty crime.",François Truffaut,,François Truffaut, Marcel Moussy,Jean-Pierre Léaud, Albert Rémy, Claire Maurier
Hotel Rwanda,UK, South Africa, Italy,,,,English, French, Kinyarwanda,,,,33882243,United Artists, Lions Gate Films, Industrial Development Corporation of South Africa,121,PG-13,Biography, Drama, History,325511,663,153,Paul Rusesabagina was a hotel manager who housed over a thousand Tutsi refugees during their struggle against the Hutu militia in Rwanda.,Terry George,,Keir Pearson, Terry George,Don Cheadle, Sophie Okonedo, Joaquin Phoenix
Amores Perros,Mexico,,,,,,Spanish,,,,,,20908467,Altavista Films, Zeta Film,,154,R,Drama, Thriller,,216112,394,158,"A horrific car accident connects three stories, each involving characters dealing with loss, regret, and life's harsh realities, all in the name of love.",Alejandro G. Iñárritu,,Guillermo Arriaga,,Emilio Echevarría, Gael García Bernal, Goya Toledo
Rang De Basanti,India,,,,,,Hindi,,,,,,8846694,ROMP, UTV Motion Pictures,,167,Not Rated,Comedy, Drama,,106500,358,39,"The story of six young Indians who assist an English woman to film a documentary on the freedom fighters from their past, and the events that lead them to relive the long-forgotten saga of freedom.",Rakeysh Omprakash Mehra,,Renzil D'Silva, Prasoon Joshi,Aamir Khan, Soha Ali Khan, Siddharth
The Handmaiden,South Korea,,,,,,Korean, Japanese,,,,,37767206,Moho Film, Yong Film,,145,Not Rated,Drama, Romance, Thriller,98473,197,333,"A woman is hired as a handmaiden to a Japanese heiress, but secretly she is involved in a plot to defraud her.",Chan-wook Park,,Sarah Waters, Seo-kyeong Jeong,Min-hee Kim, Jung-woo Ha, Jin-woong Cho
Spotlight,USA,,,,,,English,,,,,,98690254,Participant, First Look Media, Anonymous Content,129,R,Biography, Crime, Drama,396906,592,528,"The true story of how the Boston Globe uncovered the massive scandal of child molestation and cover-up within the local Catholic Archdiocese, shaking the entire Catholic Church to its core.",Tom McCarthy,,Josh Singer, Tom McCarthy,Mark Ruffalo, Michael Keaton, Rachel McAdams
Nausicaä of the Valley of the Wind,Japan, USA,,,,,Japanese,,,,,,2340981,Nibariki, Tokuma Shoten, Hakuhodo,117,PG,Animation, Adventure, Fantasy,140225,225,119,Warrior and pacifist Princess Nausicaä desperately struggles to prevent two warring nations from destroying themselves and their dying planet.,Hayao Miyazaki,,Hayao Miyazaki, Hayao Miyazaki,Sumi Shimamoto, Mahito Tsujimura, Hisako Kyôda
Portrait of a Lady on Fire,France,,,,,,French, Italian,,,,,9729987,Lilies Films, Arte France Cinéma, Hold Up Films,122,R,Drama, Romance,,36407,236,235,"On an isolated island in Brittany at the end of the eighteenth century, a female painter is obliged to paint a wedding portrait of a young woman.",Céline Sciamma,,Céline Sciamma,,Noémie Merlant, Adèle Haenel, Luàna Bajrami
Rocky,USA,,,,,,English,,,,,,117235147,Chartoff-Winkler Productions,,,120,PG,Drama, Sport,,498801,677,183,A small-time boxer gets a supremely rare chance to fight a heavy-weight champion in a bout in which he strives to go the distance for his self-respect.,John G. Avildsen,,Sylvester Stallone,,Sylvester Stallone, Talia Shire, Burt Young
Rebecca,USA,,,,,,English, French,,,,,72275,Selznick International Pictures,,,130,Approved,Drama, Mystery, Romance,117053,329,199,A self-conscious woman juggles adjusting to her new role as an aristocrat's wife and avoiding being intimidated by his first wife's spectral presence.,Alfred Hitchcock,,Daphne Du Maurier, Robert E. Sherwood,Laurence Olivier, Joan Fontaine, George Sanders
"Monsters, Inc.",USA,,,,,,English,,,,,,632316649,Pixar Animation Studios, Walt Disney Pictures,,92,G,Animation, Adventure, Comedy,784053,663,263,"In order to power the city, monsters have to scare children so that they scream. However, the children are toxic to the monsters, and after a child gets through, 2 monsters realize things may not be what they think.",Pete Docter, David Silverman,Pete Docter, Jill Culton,Billy Crystal, John Goodman, Mary Gibbs
La Haine,France,,,,,,French,,,,,,280859,Canal+, Cofinergie 6, Egg Pictures,98,Not Rated,Crime, Drama,,140412,206,115,24 hours in the lives of three young men in the French suburbs the day after a violent riot.,Mathieu Kassovitz,,Mathieu Kassovitz,,Vincent Cassel, Hubert Koundé, Saïd Taghmaoui
It Happened One Night,USA,,,,,,English,,,,,,0,Columbia Pictures,,,105,Approved,Comedy, Romance,,89572,292,119,A spoiled heiress running away from her family is helped by a man who is actually a reporter in need of a story.,Frank Capra,,Robert Riskin, Samuel Hopkins Adams,Clark Gable, Claudette Colbert, Walter Connolly
Gangs of Wasseypur,India,,,,,,Hindi,,,,,,4384642,Jar Pictures, AKFPL, Bohra Bros Productions,321,R,Action, Crime, Drama,75262,221,112,"A clash between Sultan and Shahid Khan leads to the expulsion of Khan from Wasseypur, and ignites a deadly blood feud spanning three generations.",Anurag Kashyap,,Akhilesh Jaiswal, Anurag Kashyap,Manoj Bajpayee, Richa Chadha, Nawazuddin Siddiqui
In the Mood for Love,Hong Kong, China,,,,,Cantonese, Shanghainese, French, Spanish,,,12854953,Block 2 Pictures, Jet Tone Production, Orly Films,98,PG,Drama, Romance,,115752,406,146,"Two neighbors, a woman and a man, form a strong bond after both suspect extramarital activities of their spouses. However, they agree to keep their bond platonic so as not to commit similar wrongs.",Kar-Wai Wong,,Kar-Wai Wong,,Tony Chiu-Wai Leung, Maggie Cheung, Ping Lam Siu
Before Sunset,USA, France,,,,,English, French,,,,,15936507,Warner Independent Pictures (WIP), Castle Rock Entertainment, Detour Filmproduction,80,R,Drama, Romance,,223234,534,240,"Nine years after Jesse and Celine first met, they encounter each other again on the French leg of Jesse's book tour.",Richard Linklater,,Richard Linklater, Julie Delpy,Ethan Hawke, Julie Delpy, Vernon Dobtcheff
The Princess Bride,USA,,,,,,English,,,,,,30877156,Act III Communications, Buttercup Films Ltd., The Princess Bride Ltd.,98,PG,Adventure, Family, Fantasy,378148,832,213,"While home sick in bed, a young boy's grandfather reads him the story of a farmboy-turned-pirate who encounters numerous obstacles, enemies and allies in his quest to be reunited with his true love.",Rob Reiner,,William Goldman, William Goldman,Cary Elwes, Mandy Patinkin, Robin Wright
The Help,USA,,,,,,English,,,,,,216639112,DreamWorks, Reliance Film & Entertainment, Participant,146,PG-13,Drama,,,410985,544,392,"An aspiring author during the civil rights movement of the 1960s decides to write a book detailing the African American maids' point of view on the white families for which they work, and the hardships they go through on a daily basis.",Tate Taylor,,Tate Taylor, Kathryn Stockett,Emma Stone, Viola Davis, Octavia Spencer
"Paris, Texas",West Germany, France, UK,,,,English, Spanish,,,,,2206121,Road Movies Filmproduktion, Argos Films, Westdeutscher Rundfunk (WDR),145,R,Drama,,,83062,211,99,"Travis Henderson, an aimless drifter who has been missing for four years, wanders out of the desert and must reconnect with society, himself, his life, and his family.",Wim Wenders,,L.M. Kit Carson, Sam Shepard,Harry Dean Stanton, Nastassja Kinski, Dean Stockwell
The Invisible Guest,Spain,,,,,,Spanish,,,,,,31191910,Atresmedia Cine, Think Studio, Nostromo Pictures,106,G,Crime, Mystery, Thriller,116664,347,60,A successful entrepreneur accused of murder and a witness preparation expert have less than three hours to come up with an impregnable defence.,Oriol Paulo,,Oriol Paulo,,Mario Casas, Ana Wagener, Jose Coronado
Drishyam,India,,,,,,Hindi,,,,,,0,Panorama Studios, Rajkumar Theaters Private Limited, Viacom18 Motion Pictures,163,Not Rated,Crime, Drama, Mystery,62713,213,37,"Desperate measures are taken by a man who tries to save his family from the dark side of the law, after they commit an unexpected crime.",Nishikant Kamat,,Jeethu Joseph, Upendra Sidhaye,Ajay Devgn, Shriya Saran, Tabu
The Terminator,UK, USA,,,,,English, Spanish,,,,,78475971,Cinema '84, Euro Film Funding, Hemdale,107,R,Action, Sci-Fi,,773429,861,230,"In 1984, a human soldier is tasked to stop an indestructible cyborg killing machine, both sent from 2029, from executing a young woman, whose unborn son is the key to humanity's future salvation.",James Cameron,,James Cameron, Gale Anne Hurd,Arnold Schwarzenegger, Linda Hamilton, Michael Biehn
Ace in the Hole,USA,,,,,,English, Spanish, Latin,,,,2300000,Paramount Pictures,,,111,Approved,Drama, Film-Noir,,29347,179,110,"A frustrated former big-city journalist now stuck working for an Albuquerque newspaper exploits a story about a man trapped in a cave to rekindle his career, but the situation quickly escalates into an out-of-control circus.",Billy Wilder,,Billy Wilder, Lesser Samuels,Kirk Douglas, Jan Sterling, Robert Arthur
Kis Uykusu,Turkey, France, Germany,,,,Turkish, English,,,,,4018705,Zeynofilm, Memento Films Production, Bredok Filmproduction,196,Not Rated,Drama,,,42226,96,201,A hotel owner and landlord in a remote Turkish village deals with conflicts within his family and a tenant behind on his rent.,Nuri Bilge Ceylan,,Ebru Ceylan, Nuri Bilge Ceylan,Haluk Bilginer, Melisa Sözen, Demet Akbag
Lagaan: Once Upon a Time in India,India,,,,,,Hindi, English, Awadhi, Urdu,,,1724806,Aamir Khan Productions, Jhamu Sughand Productions,,224,PG,Adventure, Drama, Musical,100169,274,77,The people of a small village in Victorian India stake their future on a game of cricket against their ruthless British rulers.,Ashutosh Gowariker,,Ashutosh Gowariker, Ashutosh Gowariker,Aamir Khan, Raghuvir Yadav, Gracy Singh
Butch Cassidy and the Sundance Kid,USA,,,,,,English, Spanish,,,,,102310639,Campanile Productions, George Roy Hill-Paul Monash Production, Newman-Foreman Company,110,PG,Biography, Crime, Drama,196813,420,103,"Wyoming, early 1900s. Butch Cassidy and The Sundance Kid are the leaders of a band of outlaws. After a train robbery goes wrong they find themselves on the run with a posse hard on their heels. Their solution - escape to Bolivia.",George Roy Hill,,William Goldman,,Paul Newman, Robert Redford, Katharine Ross
Aladdin,USA,,,,,,English,,,,,,504050219,Walt Disney Pictures, Silver Screen Partners IV, Walt Disney Animation Studios,90,G,Animation, Adventure, Comedy,356294,319,154,A kindhearted street urchin and a power-hungry Grand Vizier vie for a magic lamp that has the power to make their deepest wishes come true.,Ron Clements, John Musker,Ron Clements, John Musker,Scott Weinger, Robin Williams, Linda Larkin
Akira,Japan,,,,,,Japanese,,,,,,577594,Akira Committee Company Ltd., Akira Studio, TMS Entertainment,124,R,Animation, Drama, Sci-Fi,155615,517,113,A secret military project endangers Neo-Tokyo when it turns a biker gang member into a rampaging psychic psychopath who can only be stopped by two teenagers and a group of psychics.,Katsuhiro Ôtomo,,Katsuhiro Ôtomo, Izô Hashimoto,Mitsuo Iwata, Nozomu Sasaki, Mami Koyama
Throne of Blood,Japan,,,,,,Japanese,,,,,,46808,Toho Company, Kurosawa Production Co.,,110,Not Rated,Drama, History,,43192,146,96,"A war-hardened general, egged on by his ambitious wife, works to fulfill a prophecy that he would become lord of Spider's Web Castle.",Akira Kurosawa,,Hideo Oguni, Shinobu Hashimoto,Toshirô Mifune, Minoru Chiaki, Isuzu Yamada
Three Colors: Red,Switzerland, France, Poland,,,,French,,,,,,3581969,MK2 Productions, France 3 Cinéma, CAB Productions,99,R,Drama, Mystery, Romance,85280,161,106,A model discovers a retired judge is keen on invading people's privacy.,Krzysztof Kieslowski,,Krzysztof Kieslowski, Krzysztof Piesiewicz,Irène Jacob, Jean-Louis Trintignant, Frédérique Feder
